Workbook

Sheet راهنما
A1: دیتاست شبیه‌سازی‌شده پارکینگ هوشمند برای ممیزی و کشف تقلب
A3: • این فایل بر اساس «سند جامع کشف تقلب، خطاها و الگوهای ناهنجاری در مدیریت پارکینگ» ساخته شده و کاملاً ساختگی (Synthetic) است؛ نام‌ها، پلاک‌ها و مبالغ واقعی نیستند.
A4: • بازه داده: 2026-09-16 06:00 تا 2026-09-30 06:00 (۱۴ روز، ۴۲ شیفت، ۸ اپراتور، ۲ گیت ورود E1/E2، ۲ گیت خروج X1/X2).
A5: • تعرفه، فرجه و آستانه‌ها در شیت «تنظیمات» هستند (آستانه‌ها از سند؛ تعرفه‌ها فرض تحلیل‌گر). با تغییر آن‌ها ستون‌های فرمولی بازمحاسبه می‌شوند.
A6: • واحد پول: تومان. تاریخ‌ها میلادی. ستون‌های آبی‌رنگ در شیت‌های کمکی ورودی/فرضی هستند.
A7: • ستون «Fraud_Scenario_Label» برچسب واقعی سناریو است (برای آموزش/ارزیابی مدل)؛ برای تست کور حذف کنید.
A8: • دو اپراتور پرخطر عمداً تعریف شده‌اند: OP-03 (برداشت نقد، ابطال پس از خروج، فرجه، پوز شخصی) و OP-06 (ویرایش پلاک، راهبند، تبانی).
A9: • شیت‌ها: تراکنش_تردد (۱۰۰۰ ردیف) | تنظیمات | تعرفه | اپراتورها (پروفایل و Z-Score) | پوزها | لیست_سفید | مغایرت_شیفت | تراز_ظرفیت | خلاصه_KPI
A11: دیکشنری ستون‌های شیت تراکنش_تردد
A12: حرف ستون | B12: عنوان فارسی | C12: نام انگلیسی | D12: منبع داده | E12: توضیح
A13: A | B13: شناسه رویداد | C13: Event_ID | D13: PMS | E13: کلید یکتای رویداد تردد
A14: B | B14: پلاک نهایی | C14: Plate | D14: ANPR/PMS | E14: پلاک نهایی ثبت‌شده در سیستم (پس از ویرایش احتمالی)
A15: C | B15: پلاک خوانده‌شده اولیه | C15: Plate_OCR_Original | D15: ANPR | E15: خروجی خام پلاک‌خوان؛ فقط در صورت ویرایش دستی پر می‌شود
A16: D | B16: مدل خودرو | C16: Vehicle_Model | D16: ANPR | E16: مدل تشخیص‌داده‌شده خودرو
A17: E | B17: رنگ | C17: Vehicle_Color | D17: ANPR | E17: رنگ خودرو
A18: F | B18: رده خودرو | C18: Vehicle_Segment | D18: ANPR | E18: اقتصادی / لوکس (برای تحلیل تمرکز اضافه‌دریافتی)
A19: G | B19: زمان ورود | C19: In_Time | D19: PMS | E19: زمان ورود (میلادی)
A20: H | B20: زمان خروج | C20: Out_Time | D20: PMS | E20: زمان خروج؛ خالی = هنوز داخل پارکینگ
A21: I | B21: مدت توقف (دقیقه) | C21: Duration | D21: محاسباتی (فرمول) | E21: فرمول: خروج − ورود (برای خودروهای داخل: تا AsOf)
A22: J | B22: گیت ورود | C22: Entry_Gate | D22: Sensor | E22: E1 / E2
A23: K | B23: گیت خروج | C23: Exit_Gate | D23: Sensor | E23: X1 / X2 (E1/E2 = خروج از گیت ورودی)
... A74: BJ | B74: برچسب سناریوی واقعی | C74: Fraud_Scenario_Label | D74: برچسب | E74: Ground truth برای آموزش/ارزیابی مدل؛ برای تست کور حذف شود

Sheet تراکنش_تردد
A1: شناسه رویداد Event_ID | B1: پلاک نهایی Plate | C1: پلاک خوانده‌شده اولیه Plate_OCR_Original | D1: مدل خودرو Vehicle_Model | E1: رنگ Vehicle_Color | F1: رده خودرو Vehicle_Segment | G1: زمان ورود In_Time | H1: زمان خروج Out_Time | I1: مدت توقف (دقیقه) Duration | J1: گیت ورود Entry_Gate | K1: گیت خروج Exit_Gate | L1: اطمینان OCR ورود ANPR_Conf_In | M1: اطمینان OCR خروج ANPR_Conf_Out | N1: ویرایش دستی پلاک Manual_Edit | O1: شناسه اپراتور Operator_ID | P1: شیفت Shift | Q1: تاریخ شیفت Shift_Date | R1: شماره فیش Ticket_No | S1: وضعیت فیش Ticket_Status | T1: زمان ابطال Void_Time | U1: پالس لوپ خروج Loop_Pulses | V1: تراکنش ثبت‌شده Recorded_Transactions | W1: باز ماندن راهبند (ثانیه) Barrier_Dwell | X1: بازکردن دستی راهبند Manual_Barrier_Open | Y1: ترتیب لوپ‌ها Loop_Sequence | Z1: نحوه پرداخت Pay_Mode | AA1: ترمینال پوز POS_Terminal_ID | AB1: کد پیگیری RRN POS_RRN | AC1: زمان تراکنش بانکی POS_Time | AD1: نوع تعرفه Tariff_Type | AE1: کد تخفیف Discount_ID | AF1: عضو لیست سفید Whitelist_Member | AG1: مبلغ محاسبه‌شده (تومان) Fare_Calc | AH1: مبلغ دریافتی (تومان) Fare_Paid | AI1: اختلاف مبلغ Fare_Diff | AJ1: انحراف ساعت گیت-سرور (ثانیه) Server_Time_Diff | AK1: قطعی دوربین (ثانیه) Camera_Drop_Sec | AL1: حالت آفلاین Offline_Mode | AM1: وضعیت سنسور جای پارک Slot_Sensor_Status | AN1: ورود قبلی ثبت‌شده Prior_Entry_Exists | AO1: تصویر ورود موجود Entry_Image_Exists | AP1: سابقه توقف همان پلاک Historical_In_Park | AQ1: تطبیق سابقه (مفقودی) Plate_History_Match | AR1: ابطال پس از خروج Flag_Void_After_Exit | AS1: پوز نامعتبر/بدون RRN Flag_POS_Invalid | AT1: اضافه‌دریافتی Flag_Overcharge | AU1: کم‌ثبتی Flag_Underpay | AV1: قطار ماشین Flag_Tailgating | AW1: باز نگه‌داشتن راهبند Flag_Barrier_Keep_Open | AX1: ویرایش پلاک با OCR بالا Flag_Manual_Edit_HighConf | AY1: خلاف جهت Flag_Wrong_Direction | AZ1: انحراف ساعت Flag_Time_Drift | BA1: معافیت غیرمجاز Flag_Exempt_NoWhitelist | BB1: تکرار بن تخفیف Flag_Discount_Reuse | BC1: رسوبی نامرئی Flag_Ghost_Occupancy | BD1: تعویض فیش رسوبی Flag_Ticket_Swap | BE1: نقض توالی Flag_Passback | BF1: مفقودی مشکوک Flag_Lost_Suspicious | BG1: قطعی دوربین Flag_Camera_Drop | BH1: امتیاز ریسک ترکیبی Risk_Score | BI1: سطح ریسک Risk_Level | BJ1: برچسب سناریوی واقعی Fraud_Scenario_Label
A2: EV-00001 | B2: 27ک970-42 | D2: وانت نیسان | E2: سفید | F2: اقتصادی | G2: 46174.977 | I2: =IF(H2="",ROUND((تنظیمات!$B$7-G2)*1440,0),ROUND((H2-G2)*1440,0)) -> 173193 | J2: E2 | L2: 0.995 | N2: خیر | R2: TK-260601-00001 | S2: داخل پارکینگ | U2: 1 | V2: 1 | W2: 6.8 | X2: خیر | Y2: عادی | AD2: عادی | AF2: =IF(COUNTIF(لیست_سفید!$A$2:$A$21,B2)>0,"بله","خیر") -> خیر | AG2: =IF(H2="","",IF(AD2="فیش مفقودی",تنظیمات!$B$6,(INT(I2/1440)*تنظیمات!$B$5+IF(MOD(I2,1440)<=تنظیمات!$B$2,0,MIN(تنظیمات!$B$5,تنظیمات!$B$3+MAX(0,ROUNDUP((MOD(I2,1440)-60)/60,0))*تنظیمات!$B$4)))*INDEX(تعرفه!$B$2:$B$7,MATCH(AD2,تعرفه!$A$2:$A$7,0)))) | AI2: =IF(AG2="","",AH2-AG2) | AJ2: 0 | AK2: 0 | AL2: خیر | AM2: خالی | AN2: بله | AO2: بله | AP2: خیر | AR2: =IF(AND(T2<>"",H2<>""),IF(AND((T2-H2)*86400>=0,(T2-H2)*86400<تنظیمات!$B$13),1,0),0) -> 0 | AS2: =IF(Z2="پوز",IF(OR(AB2="",COUNTIF(پوزها!$A$2:$A$5,AA2)=0),1,0),0) -> 0 | AT2: =IF(AI2="",0,IF(AI2>0,1,0)) -> 0 | AU2: =IF(AI2="",0,IF(AI2<0,1,0)) -> 0 | AV2: =IF(U2>V2,1,0) -> 0 | AW2: =IF(OR(W2>تنظیمات!$B$8,X2="بله"),1,0) -> 0 | AX2: =IF(AND(N2="بله",L2>تنظیمات!$B$9),1,0) -> 0 | AY2: =IF(Y2="معکوس",1,0) -> 0 | AZ2: =IF(ABS(AJ2)>تنظیمات!$B$10,1,0) -> 0 | BA2: =IF(AND(OR(AD2="رایگان/VIP",AD2="جانباز"),AF2="خیر"),1,0) -> 0 | BB2: =IF(AE2="",0,IF(COUNTIF($AE$2:$AE$1001,AE2)>1,1,0)) -> 0 | BC2: =IF(AND(H2="",I2>تنظیمات!$B$12*60,AM2="خالی"),1,0) -> 1 | BD2: =IF(AND(AP2="بله",I2<تنظیمات!$B$14,AO2="خیر"),1,0) -> 0 | BE2: =IF(AN2="خیر",1,0) -> 0 | BF2: =IF(AND(AD2="فیش مفقودی",AQ2="بله",I2>تنظیمات!$B$12*60),1,0) -> 0 | BG2: =IF(AND(AK2>تنظیمات!$B$11,AL2="بله"),1,0) -> 0 | BH2: =MIN(100,AR2*تنظیمات!$B$21+AS2*تنظیمات!$B$22+AT2*تنظیمات!$B$23+AU2*تنظیمات!$B$24+AV2*تنظیمات!$B$25+AW2*تنظیمات!$B$26+AX2*تنظیمات!$B$27+AY2*تنظیمات!$B$28+AZ2*تنظیمات!$B$29+BA2*تنظیمات!$B$30+BB2*تنظیمات!$B$31+BC2*تنظیمات!$B$32+BD2*تنظیمات!$B$33+BE2*تنظیمات!$B$34+BF2*تنظیمات!$B$35+BG2*تنظیمات!$B$36) -> 15 | BI2: =IF(BH2>=60,"بحرانی",IF(BH2>=30,"مشکوک",IF(BH2>0,"هشدار","عادی"))) -> هشدار | BJ2: خودرو رسوبی نامرئی
A3: EV-00002 | B3: 96ث484-17 | D3: تیبا 2 | E3: قرمز | F3: اقتصادی | G3: 46176.427 | I3: =IF(H3="",ROUND((تنظیمات!$B$7-G3)*1440,0),ROUND((H3-G3)*1440,0)) -> 171105 | J3: E1 | L3: 0.958 | N3: خیر | R3: TK-260603-00002 | S3: داخل پارکینگ | U3: 1 | V3: 1 | W3: 4.2 | X3: خیر | Y3: عادی | AD3: عادی | AF3: =IF(COUNTIF(لیست_سفید!$A$2:$A$21,B3)>0,"بله","خیر") -> خیر | AG3: =IF(H3="","",IF(AD3="فیش مفقودی",تنظیمات!$B$6,(INT(I3/1440)*تنظیمات!$B$5+IF(MOD(I3,1440)<=تنظیمات!$B$2,0,MIN(تنظیمات!$B$5,تنظیمات!$B$3+MAX(0,ROUNDUP((MOD(I3,1440)-60)/60,0))*تنظیمات!$B$4)))*INDEX(تعرفه!$B$2:$B$7,MATCH(AD3,تعرفه!$A$2:$A$7,0)))) | AI3: =IF(AG3="","",AH3-AG3) | AJ3: 0 | AK3: 0 | AL3: خیر | AM3: خالی | AN3: بله | AO3: بله | AP3: خیر | AR3: =IF(AND(T3<>"",H3<>""),IF(AND((T3-H3)*86400>=0,(T3-H3)*86400<تنظیمات!$B$13),1,0),0) -> 0 | AS3: =IF(Z3="پوز",IF(OR(AB3="",COUNTIF(پوزها!$A$2:$A$5,AA3)=0),1,0),0) -> 0 | AT3: =IF(AI3="",0,IF(AI3>0,1,0)) -> 0 | AU3: =IF(AI3="",0,IF(AI3<0,1,0)) -> 0 | AV3: =IF(U3>V3,1,0) -> 0 | AW3: =IF(OR(W3>تنظیمات!$B$8,X3="بله"),1,0) -> 0 | AX3: =IF(AND(N3="بله",L3>تنظیمات!$B$9),1,0) -> 0 | AY3: =IF(Y3="معکوس",1,0) -> 0 | AZ3: =IF(ABS(AJ3)>تنظیمات!$B$10,1,0) -> 0 | BA3: =IF(AND(OR(AD3="رایگان/VIP",AD3="جانباز"),AF3="خیر"),1,0) -> 0 | BB3: =IF(AE3="",0,IF(COUNTIF($AE$2:$AE$1001,AE3)>1,1,0)) -> 0 | BC3: =IF(AND(H3="",I3>تنظیمات!$B$12*60,AM3="خالی"),1,0) -> 1 | BD3: =IF(AND(AP3="بله",I3<تنظیمات!$B$14,AO3="خیر"),1,0) -> 0 | BE3: =IF(AN3="خیر",1,0) -> 0 | BF3: =IF(AND(AD3="فیش مفقودی",AQ3="بله",I3>تنظیمات!$B$12*60),1,0) -> 0 | BG3: =IF(AND(AK3>تنظیمات!$B$11,AL3="بله"),1,0) -> 0 | BH3: =MIN(100,AR3*تنظیمات!$B$21+AS3*تنظیمات!$B$22+AT3*تنظیمات!$B$23+AU3*تنظیمات!$B$24+AV3*تنظیمات!$B$25+AW3*تنظیمات!$B$26+AX3*تنظیمات!$B$27+AY3*تنظیمات!$B$28+AZ3*تنظیمات!$B$29+BA3*تنظیمات!$B$30+BB3*تنظیمات!$B$31+BC3*تنظیمات!$B$32+BD3*تنظیمات!$B$33+BE3*تنظیمات!$B$34+BF3*تنظیمات!$B$35+BG3*تنظیمات!$B$36) -> 15 | BI3: =IF(BH3>=60,"بحرانی",IF(BH3>=30,"مشکوک",IF(BH3>0,"هشدار","عادی"))) -> هشدار | BJ3: خودرو رسوبی نامرئی
A4: EV-00003 | B4: 51س539-88 | D4: کیا سراتو | E4: مشکی | F4: اقتصادی | G4: 46195.886 | I4: =IF(H4="",ROUND((تنظیمات!$B$7-G4)*1440,0),ROUND((H4-G4)*1440,0)) -> 143084 | J4: E2 | L4: 0.976 | N4: خیر | R4: TK-260622-00003 | S4: داخل پارکینگ | U4: 1 | V4: 1 | W4: 6.2 | X4: خیر | Y4: عادی | AD4: عادی | AF4: =IF(COUNTIF(لیست_سفید!$A$2:$A$21,B4)>0,"بله","خیر") -> خیر | AG4: =IF(H4="","",IF(AD4="فیش مفقودی",تنظیمات!$B$6,(INT(I4/1440)*تنظیمات!$B$5+IF(MOD(I4,1440)<=تنظیمات!$B$2,0,MIN(تنظیمات!$B$5,تنظیمات!$B$3+MAX(0,ROUNDUP((MOD(I4,1440)-60)/60,0))*تنظیمات!$B$4)))*INDEX(تعرفه!$B$2:$B$7,MATCH(AD4,تعرفه!$A$2:$A$7,0)))) | AI4: =IF(AG4="","",AH4-AG4) | AJ4: 0 | AK4: 0 | AL4: خیر | AM4: خالی | AN4: بله | AO4: بله | AP4: خیر | AR4: =IF(AND(T4<>"",H4<>""),IF(AND((T4-H4)*86400>=0,(T4-H4)*86400<تنظیمات!$B$13),1,0),0) -> 0 | AS4: =IF(Z4="پوز",IF(OR(AB4="",COUNTIF(پوزها!$A$2:$A$5,AA4)=0),1,0),0) -> 0 | AT4: =IF(AI4="",0,IF(AI4>0,1,0)) -> 0 | AU4: =IF(AI4="",0,IF(AI4<0,1,0)) -> 0 | AV4: =IF(U4>V4,1,0) -> 0 | AW4: =IF(OR(W4>تنظیمات!$B$8,X4="بله"),1,0) -> 0 | AX4: =IF(AND(N4="بله",L4>تنظیمات!$B$9),1,0) -> 0 | AY4: =IF(Y4="معکوس",1,0) -> 0 | AZ4: =IF(ABS(AJ4)>تنظیمات!$B$10,1,0) -> 0 | BA4: =IF(AND(OR(AD4="رایگان/VIP",AD4="جانباز"),AF4="خیر"),1,0) -> 0 | BB4: =IF(AE4="",0,IF(COUNTIF($AE$2:$AE$1001,AE4)>1,1,0)) -> 0 | BC4: =IF(AND(H4="",I4>تنظیمات!$B$12*60,AM4="خالی"),1,0) -> 1 | BD4: =IF(AND(AP4="بله",I4<تنظیمات!$B$14,AO4="خیر"),1,0) -> 0 | BE4: =IF(AN4="خیر",1,0) -> 0 | BF4: =IF(AND(AD4="فیش مفقودی",AQ4="بله",I4>تنظیمات!$B$12*60),1,0) -> 0 | BG4: =IF(AND(AK4>تنظیمات!$B$11,AL4="بله"),1,0) -> 0 | BH4: =MIN(100,AR4*تنظیمات!$B$21+AS4*تنظیمات!$B$22+AT4*تنظیمات!$B$23+AU4*تنظیمات!$B$24+AV4*تنظیمات!$B$25+AW4*تنظیمات!$B$26+AX4*تنظیمات!$B$27+AY4*تنظیمات!$B$28+AZ4*تنظیمات!$B$29+BA4*تنظیمات!$B$30+BB4*تنظیمات!$B$31+BC4*تنظیمات!$B$32+BD4*تنظیمات!$B$33+BE4*تنظیمات!$B$34+BF4*تنظیمات!$B$35+BG4*تنظیمات!$B$36) -> 15 | BI4: =IF(BH4>=60,"بحرانی",IF(BH4>=30,"مشکوک",IF(BH4>0,"هشدار","عادی"))) -> هشدار | BJ4: خودرو رسوبی نامرئی
A5: EV-00004 | B5: 91م191-48 | D5: کیا سراتو | E5: قرمز | F5: اقتصادی | G5: 46199.247 | I5: =IF(H5="",ROUND((تنظیمات!$B$7-G5)*1440,0),ROUND((H5-G5)*1440,0)) -> 138244 | J5: E2 | L5: 0.972 | N5: خیر | R5: TK-260626-00004 | S5: داخل پارکینگ | U5: 1 | V5: 1 | W5: 7.3 | X5: خیر | Y5: عادی | AD5: عادی | AF5: =IF(COUNTIF(لیست_سفید!$A$2:$A$21,B5)>0,"بله","خیر") -> خیر | AG5: =IF(H5="","",IF(AD5="فیش مفقودی",تنظیمات!$B$6,(INT(I5/1440)*تنظیمات!$B$5+IF(MOD(I5,1440)<=تنظیمات!$B$2,0,MIN(تنظیمات!$B$5,تنظیمات!$B$3+MAX(0,ROUNDUP((MOD(I5,1440)-60)/60,0))*تنظیمات!$B$4)))*INDEX(تعرفه!$B$2:$B$7,MATCH(AD5,تعرفه!$A$2:$A$7,0)))) | AI5: =IF(AG5="","",AH5-AG5) | AJ5: -1 | AK5: 0 | AL5: خیر | AM5: خالی | AN5: بله | AO5: بله | AP5: خیر | AR5: =IF(AND(T5<>"",H5<>""),IF(AND((T5-H5)*86400>=0,(T5-H5)*86400<تنظیمات!$B$13),1,0),0) -> 0 | AS5: =IF(Z5="پوز",IF(OR(AB5="",COUNTIF(پوزها!$A$2:$A$5,AA5)=0),1,0),0) -> 0 | AT5: =IF(AI5="",0,IF(AI5>0,1,0)) -> 0 | AU5: =IF(AI5="",0,IF(AI5<0,1,0)) -> 0 | AV5: =IF(U5>V5,1,0) -> 0 | AW5: =IF(OR(W5>تنظیمات!$B$8,X5="بله"),1,0) -> 0 | AX5: =IF(AND(N5="بله",L5>تنظیمات!$B$9),1,0) -> 0 | AY5: =IF(Y5="معکوس",1,0) -> 0 | AZ5: =IF(ABS(AJ5)>تنظیمات!$B$10,1,0) -> 0 | BA5: =IF(AND(OR(AD5="رایگان/VIP",AD5="جانباز"),AF5="خیر"),1,0) -> 0 | BB5: =IF(AE5="",0,IF(COUNTIF($AE$2:$AE$1001,AE5)>1,1,0)) -> 0 | BC5: =IF(AND(H5="",I5>تنظیمات!$B$12*60,AM5="خالی"),1,0) -> 1 | BD5: =IF(AND(AP5="بله",I5<تنظیمات!$B$14,AO5="خیر"),1,0) -> 0 | BE5: =IF(AN5="خیر",1,0) -> 0 | BF5: =IF(AND(AD5="فیش مفقودی",AQ5="بله",I5>تنظیمات!$B$12*60),1,0) -> 0 | BG5: =IF(AND(AK5>تنظیمات!$B$11,AL5="بله"),1,0) -> 0 | BH5: =MIN(100,AR5*تنظیمات!$B$21+AS5*تنظیمات!$B$22+AT5*تنظیمات!$B$23+AU5*تنظیمات!$B$24+AV5*تنظیمات!$B$25+AW5*تنظیمات!$B$26+AX5*تنظیمات!$B$27+AY5*تنظیمات!$B$28+AZ5*تنظیمات!$B$29+BA5*تنظیمات!$B$30+BB5*تنظیمات!$B$31+BC5*تنظیمات!$B$32+BD5*تنظیمات!$B$33+BE5*تنظیمات!$B$34+BF5*تنظیمات!$B$35+BG5*تنظیمات!$B$36) -> 15 | BI5: =IF(BH5>=60,"بحرانی",IF(BH5>=30,"مشکوک",IF(BH5>0,"هشدار","عادی"))) -> هشدار | BJ5: خودرو رسوبی نامرئی
A6: EV-00005 | B6: 38د432-98 | D6: بنز E200 | E6: مشکی | F6: لوکس | G6: 46202.844 | I6: =IF(H6="",ROUND((تنظیمات!$B$7-G6)*1440,0),ROUND((H6-G6)*1440,0)) -> 133065 | J6: E1 | L6: 0.931 | N6: خیر | R6: TK-260629-00005 | S6: داخل پارکینگ | U6: 1 | V6: 1 | W6: 5.6 | X6: خیر | Y6: عادی | AD6: عادی | AF6: =IF(COUNTIF(لیست_سفید!$A$2:$A$21,B6)>0,"بله","خیر") -> خیر | AG6: =IF(H6="","",IF(AD6="فیش مفقودی",تنظیمات!$B$6,(INT(I6/1440)*تنظیمات!$B$5+IF(MOD(I6,1440)<=تنظیمات!$B$2,0,MIN(تنظیمات!$B$5,تنظیمات!$B$3+MAX(0,ROUNDUP((MOD(I6,1440)-60)/60,0))*تنظیمات!$B$4)))*INDEX(تعرفه!$B$2:$B$7,MATCH(AD6,تعرفه!$A$2:$A$7,0)))) | AI6: =IF(AG6="","",AH6-AG6) | AJ6: 1 | AK6: 0 | AL6: خیر | AM6: خالی | AN6: بله | AO6: بله | AP6: خیر | AR6: =IF(AND(T6<>"",H6<>""),IF(AND((T6-H6)*86400>=0,(T6-H6)*86400<تنظیمات!$B$13),1,0),0) -> 0 | AS6: =IF(Z6="پوز",IF(OR(AB6="",COUNTIF(پوزها!$A$2:$A$5,AA6)=0),1,0),0) -> 0 | AT6: =IF(AI6="",0,IF(AI6>0,1,0)) -> 0 | AU6: =IF(AI6="",0,IF(AI6<0,1,0)) -> 0 | AV6: =IF(U6>V6,1,0) -> 0 | AW6: =IF(OR(W6>تنظیمات!$B$8,X6="بله"),1,0) -> 0 | AX6: =IF(AND(N6="بله",L6>تنظیمات!$B$9),1,0) -> 0 | AY6: =IF(Y6="معکوس",1,0) -> 0 | AZ6: =IF(ABS(AJ6)>تنظیمات!$B$10,1,0) -> 0 | BA6: =IF(AND(OR(AD6="رایگان/VIP",AD6="جانباز"),AF6="خیر"),1,0) -> 0 | BB6: =IF(AE6="",0,IF(COUNTIF($AE$2:$AE$1001,AE6)>1,1,0)) -> 0 | BC6: =IF(AND(H6="",I6>تنظیمات!$B$12*60,AM6="خالی"),1,0) -> 1 | BD6: =IF(AND(AP6="بله",I6<تنظیمات!$B$14,AO6="خیر"),1,0) -> 0 | BE6: =IF(AN6="خیر",1,0) -> 0 | BF6: =IF(AND(AD6="فیش مفقودی",AQ6="بله",I6>تنظیمات!$B$12*60),1,0) -> 0 | BG6: =IF(AND(AK6>تنظیمات!$B$11,AL6="بله"),1,0) -> 0 | BH6: =MIN(100,AR6*تنظیمات!$B$21+AS6*تنظیمات!$B$22+AT6*تنظیمات!$B$23+AU6*تنظیمات!$B$24+AV6*تنظیمات!$B$25+AW6*تنظیمات!$B$26+AX6*تنظیمات!$B$27+AY6*تنظیمات!$B$28+AZ6*تنظیمات!$B$29+BA6*تنظیمات!$B$30+BB6*تنظیمات!$B$31+BC6*تنظیمات!$B$32+BD6*تنظیمات!$B$33+BE6*تنظیمات!$B$34+BF6*تنظیمات!$B$35+BG6*تنظیمات!$B$36) -> 15 | BI6: =IF(BH6>=60,"بحرانی",IF(BH6>=30,"مشکوک",IF(BH6>0,"هشدار","عادی"))) -> هشدار | BJ6: خودرو رسوبی نامرئی
A7: EV-00006 | B7: 34ک331-98 | D7: وانت نیسان | E7: نقره‌ای | F7: اقتصادی | G7: 46204.602 | I7: =IF(H7="",ROUND((تنظیمات!$B$7-G7)*1440,0),ROUND((H7-G7)*1440,0)) -> 130533 | J7: E1 | L7: 0.927 | N7: خیر | R7: TK-260701-00006 | S7: داخل پارکینگ | U7: 1 | V7: 1 | W7: 6.2 | X7: خیر | Y7: عادی | AD7: عادی | AF7: =IF(COUNTIF(لیست_سفید!$A$2:$A$21,B7)>0,"بله","خیر") -> خیر | AG7: =IF(H7="","",IF(AD7="فیش مفقودی",تنظیمات!$B$6,(INT(I7/1440)*تنظیمات!$B$5+IF(MOD(I7,1440)<=تنظیمات!$B$2,0,MIN(تنظیمات!$B$5,تنظیمات!$B$3+MAX(0,ROUNDUP((MOD(I7,1440)-60)/60,0))*تنظیمات!$B$4)))*INDEX(تعرفه!$B$2:$B$7,MATCH(AD7,تعرفه!$A$2:$A$7,0)))) | AI7: =IF(AG7="","",AH7-AG7) | AJ7: 3 | AK7: 0 | AL7: خیر | AM7: خالی | AN7: بله | AO7: بله | AP7: خیر | AR7: =IF(AND(T7<>"",H7<>""),IF(AND((T7-H7)*86400>=0,(T7-H7)*86400<تنظیمات!$B$13),1,0),0) -> 0 | AS7: =IF(Z7="پوز",IF(OR(AB7="",COUNTIF(پوزها!$A$2:$A$5,AA7)=0),1,0),0) -> 0 | AT7: =IF(AI7="",0,IF(AI7>0,1,0)) -> 0 | AU7: =IF(AI7="",0,IF(AI7<0,1,0)) -> 0 | AV7: =IF(U7>V7,1,0) -> 0 | AW7: =IF(OR(W7>تنظیمات!$B$8,X7="بله"),1,0) -> 0 | AX7: =IF(AND(N7="بله",L7>تنظیمات!$B$9),1,0) -> 0 | AY7: =IF(Y7="معکوس",1,0) -> 0 | AZ7: =IF(ABS(AJ7)>تنظیمات!$B$10,1,0) -> 0 | BA7: =IF(AND(OR(AD7="رایگان/VIP",AD7="جانباز"),AF7="خیر"),1,0) -> 0 | BB7: =IF(AE7="",0,IF(COUNTIF($AE$2:$AE$1001,AE7)>1,1,0)) -> 0 | BC7: =IF(AND(H7="",I7>تنظیمات!$B$12*60,AM7="خالی"),1,0) -> 1 | BD7: =IF(AND(AP7="بله",I7<تنظیمات!$B$14,AO7="خیر"),1,0) -> 0 | BE7: =IF(AN7="خیر",1,0) -> 0 | BF7: =IF(AND(AD7="فیش مفقودی",AQ7="بله",I7>تنظیمات!$B$12*60),1,0) -> 0 | BG7: =IF(AND(AK7>تنظیمات!$B$11,AL7="بله"),1,0) -> 0 | BH7: =MIN(100,AR7*تنظیمات!$B$21+AS7*تنظیمات!$B$22+AT7*تنظیمات!$B$23+AU7*تنظیمات!$B$24+AV7*تنظیمات!$B$25+AW7*تنظیمات!$B$26+AX7*تنظیمات!$B$27+AY7*تنظیمات!$B$28+AZ7*تنظیمات!$B$29+BA7*تنظیمات!$B$30+BB7*تنظیمات!$B$31+BC7*تنظیمات!$B$32+BD7*تنظیمات!$B$33+BE7*تنظیمات!$B$34+BF7*تنظیمات!$B$35+BG7*تنظیمات!$B$36) -> 15 | BI7: =IF(BH7>=60,"بحرانی",IF(BH7>=30,"مشکوک",IF(BH7>0,"هشدار","عادی"))) -> هشدار | BJ7: خودرو رسوبی نامرئی
A8: EV-00007 | B8: 68س481-14 | D8: تیبا 2 | E8: قرمز | F8: اقتصادی | G8: 46204.997 | I8: =IF(H8="",ROUND((تنظیمات!$B$7-G8)*1440,0),ROUND((H8-G8)*1440,0)) -> 129965 | J8: E1 | L8: 0.885 | N8: خیر | R8: TK-260701-00007 | S8: داخل پارکینگ | U8: 1 | V8: 1 | W8: 6.2 | X8: خیر | Y8: عادی | AD8: عادی | AF8: =IF(COUNTIF(لیست_سفید!$A$2:$A$21,B8)>0,"بله","خیر") -> خیر | AG8: =IF(H8="","",IF(AD8="فیش مفقودی",تنظیمات!$B$6,(INT(I8/1440)*تنظیمات!$B$5+IF(MOD(I8,1440)<=تنظیمات!$B$2,0,MIN(تنظیمات!$B$5,تنظیمات!$B$3+MAX(0,ROUNDUP((MOD(I8,1440)-60)/60,0))*تنظیمات!$B$4)))*INDEX(تعرفه!$B$2:$B$7,MATCH(AD8,تعرفه!$A$2:$A$7,0)))) | AI8: =IF(AG8="","",AH8-AG8) | AJ8: 0 | AK8: 0 | AL8: خیر | AM8: خالی | AN8: بله | AO8: بله | AP8: خیر | AR8: =IF(AND(T8<>"",H8<>""),IF(AND((T8-H8)*86400>=0,(T8-H8)*86400<تنظیمات!$B$13),1,0),0) -> 0 | AS8: =IF(Z8="پوز",IF(OR(AB8="",COUNTIF(پوزها!$A$2:$A$5,AA8)=0),1,0),0) -> 0 | AT8: =IF(AI8="",0,IF(AI8>0,1,0)) -> 0 | AU8: =IF(AI8="",0,IF(AI8<0,1,0)) -> 0 | AV8: =IF(U8>V8,1,0) -> 0 | AW8: =IF(OR(W8>تنظیمات!$B$8,X8="بله"),1,0) -> 0 | AX8: =IF(AND(N8="بله",L8>تنظیمات!$B$9),1,0) -> 0 | AY8: =IF(Y8="معکوس",1,0) -> 0 | AZ8: =IF(ABS(AJ8)>تنظیمات!$B$10,1,0) -> 0 | BA8: =IF(AND(OR(AD8="رایگان/VIP",AD8="جانباز"),AF8="خیر"),1,0) -> 0 | BB8: =IF(AE8="",0,IF(COUNTIF($AE$2:$AE$1001,AE8)>1,1,0)) -> 0 | BC8: =IF(AND(H8="",I8>تنظیمات!$B$12*60,AM8="خالی"),1,0) -> 1 | BD8: =IF(AND(AP8="بله",I8<تنظیمات!$B$14,AO8="خیر"),1,0) -> 0 | BE8: =IF(AN8="خیر",1,0) -> 0 | BF8: =IF(AND(AD8="فیش مفقودی",AQ8="بله",I8>تنظیمات!$B$12*60),1,0) -> 0 | BG8: =IF(AND(AK8>تنظیمات!$B$11,AL8="بله"),1,0) -> 0 | BH8: =MIN(100,AR8*تنظیمات!$B$21+AS8*تنظیمات!$B$22+AT8*تنظیمات!$B$23+AU8*تنظیمات!$B$24+AV8*تنظیمات!$B$25+AW8*تنظیمات!$B$26+AX8*تنظیمات!$B$27+AY8*تنظیمات!$B$28+AZ8*تنظیمات!$B$29+BA8*تنظیمات!$B$30+BB8*تنظیمات!$B$31+BC8*تنظیمات!$B$32+BD8*تنظیمات!$B$33+BE8*تنظیمات!$B$34+BF8*تنظیمات!$B$35+BG8*تنظیمات!$B$36) -> 15 | BI8: =IF(BH8>=60,"بحرانی",IF(BH8>=30,"مشکوک",IF(BH8>0,"هشدار","عادی"))) -> هشدار | BJ8: خودرو رسوبی نامرئی
A9: EV-00008 | B9: 14ش230-26 | D9: ساینا S | E9: قرمز | F9: اقتصادی | G9: 46206.135 | I9: =IF(H9="",ROUND((تنظیمات!$B$7-G9)*1440,0),ROUND((H9-G9)*1440,0)) -> 128325 | J9: E2 | L9: 0.989 | N9: خیر | R9: TK-260703-00008 | S9: داخل پارکینگ | U9: 1 | V9: 1 | W9: 4.8 | X9: خیر | Y9: عادی | AD9: عادی | AF9: =IF(COUNTIF(لیست_سفید!$A$2:$A$21,B9)>0,"بله","خیر") -> خیر | AG9: =IF(H9="","",IF(AD9="فیش مفقودی",تنظیمات!$B$6,(INT(I9/1440)*تنظیمات!$B$5+IF(MOD(I9,1440)<=تنظیمات!$B$2,0,MIN(تنظیمات!$B$5,تنظیمات!$B$3+MAX(0,ROUNDUP((MOD(I9,1440)-60)/60,0))*تنظیمات!$B$4)))*INDEX(تعرفه!$B$2:$B$7,MATCH(AD9,تعرفه!$A$2:$A$7,0)))) | AI9: =IF(AG9="","",AH9-AG9) | AJ9: -3 | AK9: 0 | AL9: خیر | AM9: خالی | AN9: بله | AO9: بله | AP9: خیر | AR9: =IF(AND(T9<>"",H9<>""),IF(AND((T9-H9)*86400>=0,(T9-H9)*86400<تنظیمات!$B$13),1,0),0) -> 0 | AS9: =IF(Z9="پوز",IF(OR(AB9="",COUNTIF(پوزها!$A$2:$A$5,AA9)=0),1,0),0) -> 0 | AT9: =IF(AI9="",0,IF(AI9>0,1,0)) -> 0 | AU9: =IF(AI9="",0,IF(AI9<0,1,0)) -> 0 | AV9: =IF(U9>V9,1,0) -> 0 | AW9: =IF(OR(W9>تنظیمات!$B$8,X9="بله"),1,0) -> 0 | AX9: =IF(AND(N9="بله",L9>تنظیمات!$B$9),1,0) -> 0 | AY9: =IF(Y9="معکوس",1,0) -> 0 | AZ9: =IF(ABS(AJ9)>تنظیمات!$B$10,1,0) -> 0 | BA9: =IF(AND(OR(AD9="رایگان/VIP",AD9="جانباز"),AF9="خیر"),1,0) -> 0 | BB9: =IF(AE9="",0,IF(COUNTIF($AE$2:$AE$1001,AE9)>1,1,0)) -> 0 | BC9: =IF(AND(H9="",I9>تنظیمات!$B$12*60,AM9="خالی"),1,0) -> 1 | BD9: =IF(AND(AP9="بله",I9<تنظیمات!$B$14,AO9="خیر"),1,0) -> 0 | BE9: =IF(AN9="خیر",1,0) -> 0 | BF9: =IF(AND(AD9="فیش مفقودی",AQ9="بله",I9>تنظیمات!$B$12*60),1,0) -> 0 | BG9: =IF(AND(AK9>تنظیمات!$B$11,AL9="بله"),1,0) -> 0 | BH9: =MIN(100,AR9*تنظیمات!$B$21+AS9*تنظیمات!$B$22+AT9*تنظیمات!$B$23+AU9*تنظیمات!$B$24+AV9*تنظیمات!$B$25+AW9*تنظیمات!$B$26+AX9*تنظیمات!$B$27+AY9*تنظیمات!$B$28+AZ9*تنظیمات!$B$29+BA9*تنظیمات!$B$30+BB9*تنظیمات!$B$31+BC9*تنظیمات!$B$32+BD9*تنظیمات!$B$33+BE9*تنظیمات!$B$34+BF9*تنظیمات!$B$35+BG9*تنظیمات!$B$36) -> 15 | BI9: =IF(BH9>=60,"بحرانی",IF(BH9>=30,"مشکوک",IF(BH9>0,"هشدار","عادی"))) -> هشدار | BJ9: خودرو رسوبی نامرئی
A10: EV-00009 | B10: 70ه810-48 | D10: پورشه ماکان | E10: آبی | F10: لوکس | G10: 46211.756 | I10: =IF(H10="",ROUND((تنظیمات!$B$7-G10)*1440,0),ROUND((H10-G10)*1440,0)) -> 120232 | J10: E1 | L10: 0.995 | N10: خیر | R10: TK-260708-00009 | S10: داخل پارکینگ | U10: 1 | V10: 1 | W10: 5.9 | X10: خیر | Y10: عادی | AD10: عادی | AF10: =IF(COUNTIF(لیست_سفید!$A$2:$A$21,B10)>0,"بله","خیر") -> خیر | AG10: =IF(H10="","",IF(AD10="فیش مفقودی",تنظیمات!$B$6,(INT(I10/1440)*تنظیمات!$B$5+IF(MOD(I10,1440)<=تنظیمات!$B$2,0,MIN(تنظیمات!$B$5,تنظیمات!$B$3+MAX(0,ROUNDUP((MOD(I10,1440)-60)/60,0))*تنظیمات!$B$4)))*INDEX(تعرفه!$B$2:$B$7,MATCH(AD10,تعرفه!$A$2:$A$7,0)))) | AI10: =IF(AG10="","",AH10-AG10) | AJ10: 3 | AK10: 0 | AL10: خیر | AM10: خالی | AN10: بله | AO10: بله | AP10: خیر | AR10: =IF(AND(T10<>"",H10<>""),IF(AND((T10-H10)*86400>=0,(T10-H10)*86400<تنظیمات!$B$13),1,0),0) -> 0 | AS10: =IF(Z10="پوز",IF(OR(AB10="",COUNTIF(پوزها!$A$2:$A$5,AA10)=0),1,0),0) -> 0 | AT10: =IF(AI10="",0,IF(AI10>0,1,0)) -> 0 | AU10: =IF(AI10="",0,IF(AI10<0,1,0)) -> 0 | AV10: =IF(U10>V10,1,0) -> 0 | AW10: =IF(OR(W10>تنظیمات!$B$8,X10="بله"),1,0) -> 0 | AX10: =IF(AND(N10="بله",L10>تنظیمات!$B$9),1,0) -> 0 | AY10: =IF(Y10="معکوس",1,0) -> 0 | AZ10: =IF(ABS(AJ10)>تنظیمات!$B$10,1,0) -> 0 | BA10: =IF(AND(OR(AD10="رایگان/VIP",AD10="جانباز"),AF10="خیر"),1,0) -> 0 | BB10: =IF(AE10="",0,IF(COUNTIF($AE$2:$AE$1001,AE10)>1,1,0)) -> 0 | BC10: =IF(AND(H10="",I10>تنظیمات!$B$12*60,AM10="خالی"),1,0) -> 1 | BD10: =IF(AND(AP10="بله",I10<تنظیمات!$B$14,AO10="خیر"),1,0) -> 0 | BE10: =IF(AN10="خیر",1,0) -> 0 | BF10: =IF(AND(AD10="فیش مفقودی",AQ10="بله",I10>تنظیمات!$B$12*60),1,0) -> 0 | BG10: =IF(AND(AK10>تنظیمات!$B$11,AL10="بله"),1,0) -> 0 | BH10: =MIN(100,AR10*تنظیمات!$B$21+AS10*تنظیمات!$B$22+AT10*تنظیمات!$B$23+AU10*تنظیمات!$B$24+AV10*تنظیمات!$B$25+AW10*تنظیمات!$B$26+AX10*تنظیمات!$B$27+AY10*تنظیمات!$B$28+AZ10*تنظیمات!$B$29+BA10*تنظیمات!$B$30+BB10*تنظیمات!$B$31+BC10*تنظیمات!$B$32+BD10*تنظیمات!$B$33+BE10*تنظیمات!$B$34+BF10*تنظیمات!$B$35+BG10*تنظیمات!$B$36) -> 15 | BI10: =IF(BH10>=60,"بحرانی",IF(BH10>=30,"مشکوک",IF(BH10>0,"هشدار","عادی"))) -> هشدار | BJ10: خودرو رسوبی نامرئی
A11: EV-00010 | B11: 95ن210-24 | D11: کیا سراتو | E11: مشکی | F11: اقتصادی | G11: 46230.061 | I11: =IF(H11="",ROUND((تنظیمات!$B$7-G11)*1440,0),ROUND((H11-G11)*1440,0)) -> 93872 | J11: E1 | L11: 0.91 | N11: خیر | R11: TK-260727-00010 | S11: داخل پارکینگ | U11: 1 | V11: 1 | W11: 6.4 | X11: خیر | Y11: عادی | AD11: عادی | AF11: =IF(COUNTIF(لیست_سفید!$A$2:$A$21,B11)>0,"بله","خیر") -> خیر | AG11: =IF(H11="","",IF(AD11="فیش مفقودی",تنظیمات!$B$6,(INT(I11/1440)*تنظیمات!$B$5+IF(MOD(I11,1440)<=تنظیمات!$B$2,0,MIN(تنظیمات!$B$5,تنظیمات!$B$3+MAX(0,ROUNDUP((MOD(I11,1440)-60)/60,0))*تنظیمات!$B$4)))*INDEX(تعرفه!$B$2:$B$7,MATCH(AD11,تعرفه!$A$2:$A$7,0)))) | AI11: =IF(AG11="","",AH11-AG11) | AJ11: 0 | AK11: 0 | AL11: خیر | AM11: خالی | AN11: بله | AO11: بله | AP11: خیر | AR11: =IF(AND(T11<>"",H11<>""),IF(AND((T11-H11)*86400>=0,(T11-H11)*86400<تنظیمات!$B$13),1,0),0) -> 0 | AS11: =IF(Z11="پوز",IF(OR(AB11="",COUNTIF(پوزها!$A$2:$A$5,AA11)=0),1,0),0) -> 0 | AT11: =IF(AI11="",0,IF(AI11>0,1,0)) -> 0 | AU11: =IF(AI11="",0,IF(AI11<0,1,0)) -> 0 | AV11: =IF(U11>V11,1,0) -> 0 | AW11: =IF(OR(W11>تنظیمات!$B$8,X11="بله"),1,0) -> 0 | AX11: =IF(AND(N11="بله",L11>تنظیمات!$B$9),1,0) -> 0 | AY11: =IF(Y11="معکوس",1,0) -> 0 | AZ11: =IF(ABS(AJ11)>تنظیمات!$B$10,1,0) -> 0 | BA11: =IF(AND(OR(AD11="رایگان/VIP",AD11="جانباز"),AF11="خیر"),1,0) -> 0 | BB11: =IF(AE11="",0,IF(COUNTIF($AE$2:$AE$1001,AE11)>1,1,0)) -> 0 | BC11: =IF(AND(H11="",I11>تنظیمات!$B$12*60,AM11="خالی"),1,0) -> 1 | BD11: =IF(AND(AP11="بله",I11<تنظیمات!$B$14,AO11="خیر"),1,0) -> 0 | BE11: =IF(AN11="خیر",1,0) -> 0 | BF11: =IF(AND(AD11="فیش مفقودی",AQ11="بله",I11>تنظیمات!$B$12*60),1,0) -> 0 | BG11: =IF(AND(AK11>تنظیمات!$B$11,AL11="بله"),1,0) -> 0 | BH11: =MIN(100,AR11*تنظیمات!$B$21+AS11*تنظیمات!$B$22+AT11*تنظیمات!$B$23+AU11*تنظیمات!$B$24+AV11*تنظیمات!$B$25+AW11*تنظیمات!$B$26+AX11*تنظیمات!$B$27+AY11*تنظیمات!$B$28+AZ11*تنظیمات!$B$29+BA11*تنظیمات!$B$30+BB11*تنظیمات!$B$31+BC11*تنظیمات!$B$32+BD11*تنظیمات!$B$33+BE11*تنظیمات!$B$34+BF11*تنظیمات!$B$35+BG11*تنظیمات!$B$36) -> 15 | BI11: =IF(BH11>=60,"بحرانی",IF(BH11>=30,"مشکوک",IF(BH11>0,"هشدار","عادی"))) -> هشدار | BJ11: خودرو رسوبی نامرئی
A12: EV-00011 | B12: 60ب917-91 | D12: هیوندای النترا | E12: مشکی | F12: اقتصادی | G12: 46238.74 | I12: =IF(H12="",ROUND((تنظیمات!$B$7-G12)*1440,0),ROUND((H12-G12)*1440,0)) -> 81374 | J12: E1 | L12: 0.967 | N12: خیر | R12: TK-260804-00011 | S12: داخل پارکینگ | U12: 1 | V12: 1 | W12: 4.4 | X12: خیر | Y12: عادی | AD12: عادی | AF12: =IF(COUNTIF(لیست_سفید!$A$2:$A$21,B12)>0,"بله","خیر") -> خیر | AG12: =IF(H12="","",IF(AD12="فیش مفقودی",تنظیمات!$B$6,(INT(I12/1440)*تنظیمات!$B$5+IF(MOD(I12,1440)<=تنظیمات!$B$2,0,MIN(تنظیمات!$B$5,تنظیمات!$B$3+MAX(0,ROUNDUP((MOD(I12,1440)-60)/60,0))*تنظیمات!$B$4)))*INDEX(تعرفه!$B$2:$B$7,MATCH(AD12,تعرفه!$A$2:$A$7,0)))) | AI12: =IF(AG12="","",AH12-AG12) | AJ12: 1 | AK12: 0 | AL12: خیر | AM12: خالی | AN12: بله | AO12: بله | AP12: خیر | AR12: =IF(AND(T12<>"",H12<>""),IF(AND((T12-H12)*86400>=0,(T12-H12)*86400<تنظیمات!$B$13),1,0),0) -> 0 | AS12: =IF(Z12="پوز",IF(OR(AB12="",COUNTIF(پوزها!$A$2:$A$5,AA12)=0),1,0),0) -> 0 | AT12: =IF(AI12="",0,IF(AI12>0,1,0)) -> 0 | AU12: =IF(AI12="",0,IF(AI12<0,1,0)) -> 0 | AV12: =IF(U12>V12,1,0) -> 0 | AW12: =IF(OR(W12>تنظیمات!$B$8,X12="بله"),1,0) -> 0 | AX12: =IF(AND(N12="بله",L12>تنظیمات!$B$9),1,0) -> 0 | AY12: =IF(Y12="معکوس",1,0) -> 0 | AZ12: =IF(ABS(AJ12)>تنظیمات!$B$10,1,0) -> 0 | BA12: =IF(AND(OR(AD12="رایگان/VIP",AD12="جانباز"),AF12="خیر"),1,0) -> 0 | BB12: =IF(AE12="",0,IF(COUNTIF($AE$2:$AE$1001,AE12)>1,1,0)) -> 0 | BC12: =IF(AND(H12="",I12>تنظیمات!$B$12*60,AM12="خالی"),1,0) -> 1 | BD12: =IF(AND(AP12="بله",I12<تنظیمات!$B$14,AO12="خیر"),1,0) -> 0 | BE12: =IF(AN12="خیر",1,0) -> 0 | BF12: =IF(AND(AD12="فیش مفقودی",AQ12="بله",I12>تنظیمات!$B$12*60),1,0) -> 0 | BG12: =IF(AND(AK12>تنظیمات!$B$11,AL12="بله"),1,0) -> 0 | BH12: =MIN(100,AR12*تنظیمات!$B$21+AS12*تنظیمات!$B$22+AT12*تنظیمات!$B$23+AU12*تنظیمات!$B$24+AV12*تنظیمات!$B$25+AW12*تنظیمات!$B$26+AX12*تنظیمات!$B$27+AY12*تنظیمات!$B$28+AZ12*تنظیمات!$B$29+BA12*تنظیمات!$B$30+BB12*تنظیمات!$B$31+BC12*تنظیمات!$B$32+BD12*تنظیمات!$B$33+BE12*تنظیمات!$B$34+BF12*تنظیمات!$B$35+BG12*تنظیمات!$B$36) -> 15 | BI12: =IF(BH12>=60,"بحرانی",IF(BH12>=30,"مشکوک",IF(BH12>0,"هشدار","عادی"))) -> هشدار | BJ12: خودرو رسوبی نامرئی
A13: EV-00012 | B13: 71س503-77 | D13: دنا پلاس | E13: مشکی | F13: اقتصادی | G13: 46239.801 | I13: =IF(H13="",ROUND((تنظیمات!$B$7-G13)*1440,0),ROUND((H13-G13)*1440,0)) -> 79846 | J13: E1 | L13: 0.948 | N13: خیر | R13: TK-260805-00012 | S13: داخل پارکینگ | U13: 1 | V13: 1 | W13: 3.7 | X13: خیر | Y13: عادی | AD13: عادی | AF13: =IF(COUNTIF(لیست_سفید!$A$2:$A$21,B13)>0,"بله","خیر") -> خیر | AG13: =IF(H13="","",IF(AD13="فیش مفقودی",تنظیمات!$B$6,(INT(I13/1440)*تنظیمات!$B$5+IF(MOD(I13,1440)<=تنظیمات!$B$2,0,MIN(تنظیمات!$B$5,تنظیمات!$B$3+MAX(0,ROUNDUP((MOD(I13,1440)-60)/60,0))*تنظیمات!$B$4)))*INDEX(تعرفه!$B$2:$B$7,MATCH(AD13,تعرفه!$A$2:$A$7,0)))) | AI13: =IF(AG13="","",AH13-AG13) | AJ13: -1 | AK13: 0 | AL13: خیر | AM13: خالی | AN13: بله | AO13: بله | AP13: خیر | AR13: =IF(AND(T13<>"",H13<>""),IF(AND((T13-H13)*86400>=0,(T13-H13)*86400<تنظیمات!$B$13),1,0),0) -> 0 | AS13: =IF(Z13="پوز",IF(OR(AB13="",COUNTIF(پوزها!$A$2:$A$5,AA13)=0),1,0),0) -> 0 | AT13: =IF(AI13="",0,IF(AI13>0,1,0)) -> 0 | AU13: =IF(AI13="",0,IF(AI13<0,1,0)) -> 0 | AV13: =IF(U13>V13,1,0) -> 0 | AW13: =IF(OR(W13>تنظیمات!$B$8,X13="بله"),1,0) -> 0 | AX13: =IF(AND(N13="بله",L13>تنظیمات!$B$9),1,0) -> 0 | AY13: =IF(Y13="معکوس",1,0) -> 0 | AZ13: =IF(ABS(AJ13)>تنظیمات!$B$10,1,0) -> 0 | BA13: =IF(AND(OR(AD13="رایگان/VIP",AD13="جانباز"),AF13="خیر"),1,0) -> 0 | BB13: =IF(AE13="",0,IF(COUNTIF($AE$2:$AE$1001,AE13)>1,1,0)) -> 0 | BC13: =IF(AND(H13="",I13>تنظیمات!$B$12*60,AM13="خالی"),1,0) -> 1 | BD13: =IF(AND(AP13="بله",I13<تنظیمات!$B$14,AO13="خیر"),1,0) -> 0 | BE13: =IF(AN13="خیر",1,0) -> 0 | BF13: =IF(AND(AD13="فیش مفقودی",AQ13="بله",I13>تنظیمات!$B$12*60),1,0) -> 0 | BG13: =IF(AND(AK13>تنظیمات!$B$11,AL13="بله"),1,0) -> 0 | BH13: =MIN(100,AR13*تنظیمات!$B$21+AS13*تنظیمات!$B$22+AT13*تنظیمات!$B$23+AU13*تنظیمات!$B$24+AV13*تنظیمات!$B$25+AW13*تنظیمات!$B$26+AX13*تنظیمات!$B$27+AY13*تنظیمات!$B$28+AZ13*تنظیمات!$B$29+BA13*تنظیمات!$B$30+BB13*تنظیمات!$B$31+BC13*تنظیمات!$B$32+BD13*تنظیمات!$B$33+BE13*تنظیمات!$B$34+BF13*تنظیمات!$B$35+BG13*تنظیمات!$B$36) -> 15 | BI13: =IF(BH13>=60,"بحرانی",IF(BH13>=30,"مشکوک",IF(BH13>0,"هشدار","عادی"))) -> هشدار | BJ13: خودرو رسوبی نامرئی
... A16: EV-00015 | B16: 57ک206-31 | D16: تیبا 2 | E16: قرمز | F16: اقتصادی | G16: 46268.52 | I16: =IF(H16="",ROUND((تنظیمات!$B$7-G16)*1440,0),ROUND((H16-G16)*1440,0)) -> 38491 | J16: E2 | L16: 0.931 | N16: خیر | R16: TK-260903-00015 | S16: داخل پارکینگ | U16: 1 | V16: 1 | W16: 3.4 | X16: خیر | Y16: عادی | AD16: عادی | AF16: =IF(COUNTIF(لیست_سفید!$A$2:$A$21,B16)>0,"بله","خیر") -> خیر | AG16: =IF(H16="","",IF(AD16="فیش مفقودی",تنظیمات!$B$6,(INT(I16/1440)*تنظیمات!$B$5+IF(MOD(I16,1440)<=تنظیمات!$B$2,0,MIN(تنظیمات!$B$5,تنظیمات!$B$3+MAX(0,ROUNDUP((MOD(I16,1440)-60)/60,0))*تنظیمات!$B$4)))*INDEX(تعرفه!$B$2:$B$7,MATCH(AD16,تعرفه!$A$2:$A$7,0)))) | AI16: =IF(AG16="","",AH16-AG16) | AJ16: 1 | AK16: 0 | AL16: خیر | AM16: خالی | AN16: بله | AO16: بله | AP16: خیر | AR16: =IF(AND(T16<>"",H16<>""),IF(AND((T16-H16)*86400>=0,(T16-H16)*86400<تنظیمات!$B$13),1,0),0) -> 0 | AS16: =IF(Z16="پوز",IF(OR(AB16="",COUNTIF(پوزها!$A$2:$A$5,AA16)=0),1,0),0) -> 0 | AT16: =IF(AI16="",0,IF(AI16>0,1,0)) -> 0 | AU16: =IF(AI16="",0,IF(AI16<0,1,0)) -> 0 | AV16: =IF(U16>V16,1,0) -> 0 | AW16: =IF(OR(W16>تنظیمات!$B$8,X16="بله"),1,0) -> 0 | AX16: =IF(AND(N16="بله",L16>تنظیمات!$B$9),1,0) -> 0 | AY16: =IF(Y16="معکوس",1,0) -> 0 | AZ16: =IF(ABS(AJ16)>تنظیمات!$B$10,1,0) -> 0 | BA16: =IF(AND(OR(AD16="رایگان/VIP",AD16="جانباز"),AF16="خیر"),1,0) -> 0 | BB16: =IF(AE16="",0,IF(COUNTIF($AE$2:$AE$1001,AE16)>1,1,0)) -> 0 | BC16: =IF(AND(H16="",I16>تنظیمات!$B$12*60,AM16="خالی"),1,0) -> 1 | BD16: =IF(AND(AP16="بله",I16<تنظیمات!$B$14,AO16="خیر"),1,0) -> 0 | BE16: =IF(AN16="خیر",1,0) -> 0 | BF16: =IF(AND(AD16="فیش مفقودی",AQ16="بله",I16>تنظیمات!$B$12*60),1,0) -> 0 | BG16: =IF(AND(AK16>تنظیمات!$B$11,AL16="بله"),1,0) -> 0 | BH16: =MIN(100,AR16*تنظیمات!$B$21+AS16*تنظیمات!$B$22+AT16*تنظیمات!$B$23+AU16*تنظیمات!$B$24+AV16*تنظیمات!$B$25+AW16*تنظیمات!$B$26+AX16*تنظیمات!$B$27+AY16*تنظیمات!$B$28+AZ16*تنظیمات!$B$29+BA16*تنظیمات!$B$30+BB16*تنظیمات!$B$31+BC16*تنظیمات!$B$32+BD16*تنظیمات!$B$33+BE16*تنظیمات!$B$34+BF16*تنظیمات!$B$35+BG16*تنظیمات!$B$36) -> 15 | BI16: =IF(BH16>=60,"بحرانی",IF(BH16>=30,"مشکوک",IF(BH16>0,"هشدار","عادی"))) -> هشدار | BJ16: خودرو رسوبی نامرئی
A17: EV-00016 | B17: 75و597-95 | D17: هیوندای النترا | E17: مشکی | F17: اقتصادی | G17: 46278.91 | H17: 46283.504 | I17: =IF(H17="",ROUND((تنظیمات!$B$7-G17)*1440,0),ROUND((H17-G17)*1440,0)) -> 6616 | J17: E2 | K17: X1 | L17: 0.995 | M17: 0.958 | N17: خیر | O17: OP-03 | P17: صبح | Q17: 46283 | R17: TK-260913-00016 | S17: تسویه‌شده | U17: 1 | V17: 1 | W17: 4.4 | X17: خیر | Y17: عادی | Z17: نقد | AD17: فیش مفقودی | AF17: =IF(COUNTIF(لیست_سفید!$A$2:$A$21,B17)>0,"بله","خیر") -> خیر | AG17: =IF(H17="","",IF(AD17="فیش مفقودی",تنظیمات!$B$6,(INT(I17/1440)*تنظیمات!$B$5+IF(MOD(I17,1440)<=تنظیمات!$B$2,0,MIN(تنظیمات!$B$5,تنظیمات!$B$3+MAX(0,ROUNDUP((MOD(I17,1440)-60)/60,0))*تنظیمات!$B$4)))*INDEX(تعرفه!$B$2:$B$7,MATCH(AD17,تعرفه!$A$2:$A$7,0)))) -> 300000 | AH17: 300000 | AI17: =IF(AG17="","",AH17-AG17) -> 0 | AJ17: -4 | AK17: 0 | AL17: خیر | AN17: بله | AO17: بله | AP17: خیر | AQ17: بله | AR17: =IF(AND(T17<>"",H17<>""),IF(AND((T17-H17)*86400>=0,(T17-H17)*86400<تنظیمات!$B$13),1,0),0) -> 0 | AS17: =IF(Z17="پوز",IF(OR(AB17="",COUNTIF(پوزها!$A$2:$A$5,AA17)=0),1,0),0) -> 0 | AT17: =IF(AI17="",0,IF(AI17>0,1,0)) -> 0 | AU17: =IF(AI17="",0,IF(AI17<0,1,0)) -> 0 | AV17: =IF(U17>V17,1,0) -> 0 | AW17: =IF(OR(W17>تنظیمات!$B$8,X17="بله"),1,0) -> 0 | AX17: =IF(AND(N17="بله",L17>تنظیمات!$B$9),1,0) -> 0 | AY17: =IF(Y17="معکوس",1,0) -> 0 | AZ17: =IF(ABS(AJ17)>تنظیمات!$B$10,1,0) -> 0 | BA17: =IF(AND(OR(AD17="رایگان/VIP",AD17="جانباز"),AF17="خیر"),1,0) -> 0 | BB17: =IF(AE17="",0,IF(COUNTIF($AE$2:$AE$1001,AE17)>1,1,0)) -> 0 | BC17: =IF(AND(H17="",I17>تنظیمات!$B$12*60,AM17="خالی"),1,0) -> 0 | BD17: =IF(AND(AP17="بله",I17<تنظیمات!$B$14,AO17="خیر"),1,0) -> 0 | BE17: =IF(AN17="خیر",1,0) -> 0 | BF17: =IF(AND(AD17="فیش مفقودی",AQ17="بله",I17>تنظیمات!$B$12*60),1,0) -> 1 | BG17: =IF(AND(AK17>تنظیمات!$B$11,AL17="بله"),1,0) -> 0 | BH17: =MIN(100,AR17*تنظیمات!$B$21+AS17*تنظیمات!$B$22+AT17*تنظیمات!$B$23+AU17*تنظیمات!$B$24+AV17*تنظیمات!$B$25+AW17*تنظیمات!$B$26+AX17*تنظیمات!$B$27+AY17*تنظیمات!$B$28+AZ17*تنظیمات!$B$29+BA17*تنظیمات!$B$30+BB17*تنظیمات!$B$31+BC17*تنظیمات!$B$32+BD17*تنظیمات!$B$33+BE17*تنظیمات!$B$34+BF17*تنظیمات!$B$35+BG17*تنظیمات!$B$36) -> 30 | BI17: =IF(BH17>=60,"بحرانی",IF(BH17>=30,"مشکوک",IF(BH17>0,"هشدار","عادی"))) -> مشکوک | BJ17: اعلام دروغین فیش مفقودی
A18: EV-00017 | B18: 39پ762-24 | D18: هیوندای النترا | E18: نقره‌ای | F18: اقتصادی | G18: 46279.075 | H18: 46281.446 | I18: =IF(H18="",ROUND((تنظیمات!$B$7-G18)*1440,0),ROUND((H18-G18)*1440,0)) -> 3414 | J18: E2 | K18: X2 | L18: 0.898 | M18: 0.991 | N18: خیر | O18: OP-02 | P18: صبح | Q18: 46281 | R18: TK-260914-00017 | S18: تسویه‌شده | U18: 1 | V18: 1 | W18: 6 | X18: خیر | Y18: عادی | Z18: پوز | AA18: T-1002 | AB18: 759256998094 | AC18: 46281.445 | AD18: عادی | AF18: =IF(COUNTIF(لیست_سفید!$A$2:$A$21,B18)>0,"بله","خیر") -> خیر | AG18: =IF(H18="","",IF(AD18="فیش مفقودی",تنظیمات!$B$6,(INT(I18/1440)*تنظیمات!$B$5+IF(MOD(I18,1440)<=تنظیمات!$B$2,0,MIN(تنظیمات!$B$5,تنظیمات!$B$3+MAX(0,ROUNDUP((MOD(I18,1440)-60)/60,0))*تنظیمات!$B$4)))*INDEX(تعرفه!$B$2:$B$7,MATCH(AD18,تعرفه!$A$2:$A$7,0)))) -> 492000 | AH18: 492000 | AI18: =IF(AG18="","",AH18-AG18) -> 0 | AJ18: 2 | AK18: 0 | AL18: خیر | AN18: بله | AO18: بله | AP18: خیر | AR18: =IF(AND(T18<>"",H18<>""),IF(AND((T18-H18)*86400>=0,(T18-H18)*86400<تنظیمات!$B$13),1,0),0) -> 0 | AS18: =IF(Z18="پوز",IF(OR(AB18="",COUNTIF(پوزها!$A$2:$A$5,AA18)=0),1,0),0) -> 0 | AT18: =IF(AI18="",0,IF(AI18>0,1,0)) -> 0 | AU18: =IF(AI18="",0,IF(AI18<0,1,0)) -> 0 | AV18: =IF(U18>V18,1,0) -> 0 | AW18: =IF(OR(W18>تنظیمات!$B$8,X18="بله"),1,0) -> 0 | AX18: =IF(AND(N18="بله",L18>تنظیمات!$B$9),1,0) -> 0 | AY18: =IF(Y18="معکوس",1,0) -> 0 | AZ18: =IF(ABS(AJ18)>تنظیمات!$B$10,1,0) -> 0 | BA18: =IF(AND(OR(AD18="رایگان/VIP",AD18="جانباز"),AF18="خیر"),1,0) -> 0 | BB18: =IF(AE18="",0,IF(COUNTIF($AE$2:$AE$1001,AE18)>1,1,0)) -> 0 | BC18: =IF(AND(H18="",I18>تنظیمات!$B$12*60,AM18="خالی"),1,0) -> 0 | BD18: =IF(AND(AP18="بله",I18<تنظیمات!$B$14,AO18="خیر"),1,0) -> 0 | BE18: =IF(AN18="خیر",1,0) -> 0 | BF18: =IF(AND(AD18="فیش مفقودی",AQ18="بله",I18>تنظیمات!$B$12*60),1,0) -> 0 | BG18: =IF(AND(AK18>تنظیمات!$B$11,AL18="بله"),1,0) -> 0 | BH18: =MIN(100,AR18*تنظیمات!$B$21+AS18*تنظیمات!$B$22+AT18*تنظیمات!$B$23+AU18*تنظیمات!$B$24+AV18*تنظیمات!$B$25+AW18*تنظیمات!$B$26+AX18*تنظیمات!$B$27+AY18*تنظیمات!$B$28+AZ18*تنظیمات!$B$29+BA18*تنظیمات!$B$30+BB18*تنظیمات!$B$31+BC18*تنظیمات!$B$32+BD18*تنظیمات!$B$33+BE18*تنظیمات!$B$34+BF18*تنظیمات!$B$35+BG18*تنظیمات!$B$36) -> 0 | BI18: =IF(BH18>=60,"بحرانی",IF(BH18>=30,"مشکوک",IF(BH18>0,"هشدار","عادی"))) -> عادی | BJ18: عادی
A19: EV-00018 | B19: 98ج885-21 | D19: MVM X22 | E19: مشکی | F19: اقتصادی | G19: 46279.52 | H19: 46281.598 | I19: =IF(H19="",ROUND((تنظیمات!$B$7-G19)*1440,0),ROUND((H19-G19)*1440,0)) -> 2992 | J19: E2 | K19: X2 | L19: 0.889 | M19: 0.954 | N19: خیر | O19: OP-04 | P19: عصر | Q19: 46281 | R19: TK-260914-00018 | S19: تسویه‌شده | U19: 1 | V19: 1 | W19: 4.7 | X19: خیر | Y19: عادی | Z19: پوز | AA19: T-1002 | AB19: 723102788396 | AC19: 46281.598 | AD19: عادی | AF19: =IF(COUNTIF(لیست_سفید!$A$2:$A$21,B19)>0,"بله","خیر") -> خیر | AG19: =IF(H19="","",IF(AD19="فیش مفقودی",تنظیمات!$B$6,(INT(I19/1440)*تنظیمات!$B$5+IF(MOD(I19,1440)<=تنظیمات!$B$2,0,MIN(تنظیمات!$B$5,تنظیمات!$B$3+MAX(0,ROUNDUP((MOD(I19,1440)-60)/60,0))*تنظیمات!$B$4)))*INDEX(تعرفه!$B$2:$B$7,MATCH(AD19,تعرفه!$A$2:$A$7,0)))) -> 394000 | AH19: 394000 | AI19: =IF(AG19="","",AH19-AG19) -> 0 | AJ19: 1 | AK19: 0 | AL19: خیر | AN19: بله | AO19: بله | AP19: خیر | AR19: =IF(AND(T19<>"",H19<>""),IF(AND((T19-H19)*86400>=0,(T19-H19)*86400<تنظیمات!$B$13),1,0),0) -> 0 | AS19: =IF(Z19="پوز",IF(OR(AB19="",COUNTIF(پوزها!$A$2:$A$5,AA19)=0),1,0),0) -> 0 | AT19: =IF(AI19="",0,IF(AI19>0,1,0)) -> 0 | AU19: =IF(AI19="",0,IF(AI19<0,1,0)) -> 0 | AV19: =IF(U19>V19,1,0) -> 0 | AW19: =IF(OR(W19>تنظیمات!$B$8,X19="بله"),1,0) -> 0 | AX19: =IF(AND(N19="بله",L19>تنظیمات!$B$9),1,0) -> 0 | AY19: =IF(Y19="معکوس",1,0) -> 0 | AZ19: =IF(ABS(AJ19)>تنظیمات!$B$10,1,0) -> 0 | BA19: =IF(AND(OR(AD19="رایگان/VIP",AD19="جانباز"),AF19="خیر"),1,0) -> 0 | BB19: =IF(AE19="",0,IF(COUNTIF($AE$2:$AE$1001,AE19)>1,1,0)) -> 0 | BC19: =IF(AND(H19="",I19>تنظیمات!$B$12*60,AM19="خالی"),1,0) -> 0 | BD19: =IF(AND(AP19="بله",I19<تنظیمات!$B$14,AO19="خیر"),1,0) -> 0 | BE19: =IF(AN19="خیر",1,0) -> 0 | BF19: =IF(AND(AD19="فیش مفقودی",AQ19="بله",I19>تنظیمات!$B$12*60),1,0) -> 0 | BG19: =IF(AND(AK19>تنظیمات!$B$11,AL19="بله"),1,0) -> 0 | BH19: =MIN(100,AR19*تنظیمات!$B$21+AS19*تنظیمات!$B$22+AT19*تنظیمات!$B$23+AU19*تنظیمات!$B$24+AV19*تنظیمات!$B$25+AW19*تنظیمات!$B$26+AX19*تنظیمات!$B$27+AY19*تنظیمات!$B$28+AZ19*تنظیمات!$B$29+BA19*تنظیمات!$B$30+BB19*تنظیمات!$B$31+BC19*تنظیمات!$B$32+BD19*تنظیمات!$B$33+BE19*تنظیمات!$B$34+BF19*تنظیمات!$B$35+BG19*تنظیمات!$B$36) -> 0 | BI19: =IF(BH19>=60,"بحرانی",IF(BH19>=30,"مشکوک",IF(BH19>0,"هشدار","عادی"))) -> عادی | BJ19: عادی
A20: EV-00019 | B20: 16ق353-72 | D20: تیبا 2 | E20: قرمز | F20: اقتصادی | G20: 46280.718 | H20: 46282.635 | I20: =IF(H20="",ROUND((تنظیمات!$B$7-G20)*1440,0),ROUND((H20-G20)*1440,0)) -> 2761 | J20: E2 | K20: X1 | L20: 0.995 | M20: 0.995 | N20: خیر | O20: OP-08 | P20: عصر | Q20: 46282 | R20: TK-260915-00019 | S20: تسویه‌شده | U20: 1 | V20: 1 | W20: 7.7 | X20: خیر | Y20: عادی | Z20: پوز | AA20: T-1001 | AB20: 481946515489 | AC20: 46282.634 | AD20: عادی | AF20: =IF(COUNTIF(لیست_سفید!$A$2:$A$21,B20)>0,"بله","خیر") -> خیر | AG20: =IF(H20="","",IF(AD20="فیش مفقودی",تنظیمات!$B$6,(INT(I20/1440)*تنظیمات!$B$5+IF(MOD(I20,1440)<=تنظیمات!$B$2,0,MIN(تنظیمات!$B$5,تنظیمات!$B$3+MAX(0,ROUNDUP((MOD(I20,1440)-60)/60,0))*تنظیمات!$B$4)))*INDEX(تعرفه!$B$2:$B$7,MATCH(AD20,تعرفه!$A$2:$A$7,0)))) -> 360000 | AH20: 360000 | AI20: =IF(AG20="","",AH20-AG20) -> 0 | AJ20: 0 | AK20: 0 | AL20: خیر | AN20: بله | AO20: بله | AP20: خیر | AR20: =IF(AND(T20<>"",H20<>""),IF(AND((T20-H20)*86400>=0,(T20-H20)*86400<تنظیمات!$B$13),1,0),0) -> 0 | AS20: =IF(Z20="پوز",IF(OR(AB20="",COUNTIF(پوزها!$A$2:$A$5,AA20)=0),1,0),0) -> 0 | AT20: =IF(AI20="",0,IF(AI20>0,1,0)) -> 0 | AU20: =IF(AI20="",0,IF(AI20<0,1,0)) -> 0 | AV20: =IF(U20>V20,1,0) -> 0 | AW20: =IF(OR(W20>تنظیمات!$B$8,X20="بله"),1,0) -> 0 | AX20: =IF(AND(N20="بله",L20>تنظیمات!$B$9),1,0) -> 0 | AY20: =IF(Y20="معکوس",1,0) -> 0 | AZ20: =IF(ABS(AJ20)>تنظیمات!$B$10,1,0) -> 0 | BA20: =IF(AND(OR(AD20="رایگان/VIP",AD20="جانباز"),AF20="خیر"),1,0) -> 0 | BB20: =IF(AE20="",0,IF(COUNTIF($AE$2:$AE$1001,AE20)>1,1,0)) -> 0 | BC20: =IF(AND(H20="",I20>تنظیمات!$B$12*60,AM20="خالی"),1,0) -> 0 | BD20: =IF(AND(AP20="بله",I20<تنظیمات!$B$14,AO20="خیر"),1,0) -> 0 | BE20: =IF(AN20="خیر",1,0) -> 0 | BF20: =IF(AND(AD20="فیش مفقودی",AQ20="بله",I20>تنظیمات!$B$12*60),1,0) -> 0 | BG20: =IF(AND(AK20>تنظیمات!$B$11,AL20="بله"),1,0) -> 0 | BH20: =MIN(100,AR20*تنظیمات!$B$21+AS20*تنظیمات!$B$22+AT20*تنظیمات!$B$23+AU20*تنظیمات!$B$24+AV20*تنظیمات!$B$25+AW20*تنظیمات!$B$26+AX20*تنظیمات!$B$27+AY20*تنظیمات!$B$28+AZ20*تنظیمات!$B$29+BA20*تنظیمات!$B$30+BB20*تنظیمات!$B$31+BC20*تنظیمات!$B$32+BD20*تنظیمات!$B$33+BE20*تنظیمات!$B$34+BF20*تنظیمات!$B$35+BG20*تنظیمات!$B$36) -> 0 | BI20: =IF(BH20>=60,"بحرانی",IF(BH20>=30,"مشکوک",IF(BH20>0,"هشدار","عادی"))) -> عادی | BJ20: عادی
A21: EV-00020 | B21: 72گ570-16 | D21: موتورسیکلت | E21: نقره‌ای | F21: اقتصادی | G21: 46281.038 | H21: 46281.54 | I21: =IF(H21="",ROUND((تنظیمات!$B$7-G21)*1440,0),ROUND((H21-G21)*1440,0)) -> 722 | J21: E2 | K21: X2 | L21: 0.928 | M21: 0.918 | N21: خیر | O21: OP-02 | P21: صبح | Q21: 46281 | R21: TK-260916-00020 | S21: تسویه‌شده | U21: 1 | V21: 1 | W21: 3.2 | X21: خیر | Y21: عادی | Z21: پوز | AA21: T-1002 | AB21: 456711973226 | AC21: 46281.539 | AD21: فیش مفقودی | AF21: =IF(COUNTIF(لیست_سفید!$A$2:$A$21,B21)>0,"بله","خیر") -> خیر | AG21: =IF(H21="","",IF(AD21="فیش مفقودی",تنظیمات!$B$6,(INT(I21/1440)*تنظیمات!$B$5+IF(MOD(I21,1440)<=تنظیمات!$B$2,0,MIN(تنظیمات!$B$5,تنظیمات!$B$3+MAX(0,ROUNDUP((MOD(I21,1440)-60)/60,0))*تنظیمات!$B$4)))*INDEX(تعرفه!$B$2:$B$7,MATCH(AD21,تعرفه!$A$2:$A$7,0)))) -> 300000 | AH21: 300000 | AI21: =IF(AG21="","",AH21-AG21) -> 0 | AJ21: 1 | AK21: 0 | AL21: خیر | AN21: بله | AO21: بله | AP21: خیر | AQ21: بله | AR21: =IF(AND(T21<>"",H21<>""),IF(AND((T21-H21)*86400>=0,(T21-H21)*86400<تنظیمات!$B$13),1,0),0) -> 0 | AS21: =IF(Z21="پوز",IF(OR(AB21="",COUNTIF(پوزها!$A$2:$A$5,AA21)=0),1,0),0) -> 0 | AT21: =IF(AI21="",0,IF(AI21>0,1,0)) -> 0 | AU21: =IF(AI21="",0,IF(AI21<0,1,0)) -> 0 | AV21: =IF(U21>V21,1,0) -> 0 | AW21: =IF(OR(W21>تنظیمات!$B$8,X21="بله"),1,0) -> 0 | AX21: =IF(AND(N21="بله",L21>تنظیمات!$B$9),1,0) -> 0 | AY21: =IF(Y21="معکوس",1,0) -> 0 | AZ21: =IF(ABS(AJ21)>تنظیمات!$B$10,1,0) -> 0 | BA21: =IF(AND(OR(AD21="رایگان/VIP",AD21="جانباز"),AF21="خیر"),1,0) -> 0 | BB21: =IF(AE21="",0,IF(COUNTIF($AE$2:$AE$1001,AE21)>1,1,0)) -> 0 | BC21: =IF(AND(H21="",I21>تنظیمات!$B$12*60,AM21="خالی"),1,0) -> 0 | BD21: =IF(AND(AP21="بله",I21<تنظیمات!$B$14,AO21="خیر"),1,0) -> 0 | BE21: =IF(AN21="خیر",1,0) -> 0 | BF21: =IF(AND(AD21="فیش مفقودی",AQ21="بله",I21>تنظیمات!$B$12*60),1,0) -> 0 | BG21: =IF(AND(AK21>تنظیمات!$B$11,AL21="بله"),1,0) -> 0 | BH21: =MIN(100,AR21*تنظیمات!$B$21+AS21*تنظیمات!$B$22+AT21*تنظیمات!$B$23+AU21*تنظیمات!$B$24+AV21*تنظیمات!$B$25+AW21*تنظیمات!$B$26+AX21*تنظیمات!$B$27+AY21*تنظیمات!$B$28+AZ21*تنظیمات!$B$29+BA21*تنظیمات!$B$30+BB21*تنظیمات!$B$31+BC21*تنظیمات!$B$32+BD21*تنظیمات!$B$33+BE21*تنظیمات!$B$34+BF21*تنظیمات!$B$35+BG21*تنظیمات!$B$36) -> 0 | BI21: =IF(BH21>=60,"بحرانی",IF(BH21>=30,"مشکوک",IF(BH21>0,"هشدار","عادی"))) -> عادی | BJ21: عادی
A22: EV-00021 | B22: 66ا743-19 | D22: MVM X22 | E22: قرمز | F22: اقتصادی | G22: 46281.041 | H22: 46281.436 | I22: =IF(H22="",ROUND((تنظیمات!$B$7-G22)*1440,0),ROUND((H22-G22)*1440,0)) -> 569 | J22: E2 | K22: X2 | L22: 0.969 | M22: 0.978 | N22: خیر | O22: OP-02 | P22: صبح | Q22: 46281 | R22: TK-260916-00021 | S22: تسویه‌شده | U22: 1 | V22: 1 | W22: 6.4 | X22: خیر | Y22: عادی | Z22: پوز | AA22: T-1002 | AB22: 753567644091 | AC22: 46281.436 | AD22: عادی | AF22: =IF(COUNTIF(لیست_سفید!$A$2:$A$21,B22)>0,"بله","خیر") -> خیر | AG22: =IF(H22="","",IF(AD22="فیش مفقودی",تنظیمات!$B$6,(INT(I22/1440)*تنظیمات!$B$5+IF(MOD(I22,1440)<=تنظیمات!$B$2,0,MIN(تنظیمات!$B$5,تنظیمات!$B$3+MAX(0,ROUNDUP((MOD(I22,1440)-60)/60,0))*تنظیمات!$B$4)))*INDEX(تعرفه!$B$2:$B$7,MATCH(AD22,تعرفه!$A$2:$A$7,0)))) -> 146000 | AH22: 146000 | AI22: =IF(AG22="","",AH22-AG22) -> 0 | AJ22: 0 | AK22: 0 | AL22: خیر | AN22: بله | AO22: بله | AP22: خیر | AR22: =IF(AND(T22<>"",H22<>""),IF(AND((T22-H22)*86400>=0,(T22-H22)*86400<تنظیمات!$B$13),1,0),0) -> 0 | AS22: =IF(Z22="پوز",IF(OR(AB22="",COUNTIF(پوزها!$A$2:$A$5,AA22)=0),1,0),0) -> 0 | AT22: =IF(AI22="",0,IF(AI22>0,1,0)) -> 0 | AU22: =IF(AI22="",0,IF(AI22<0,1,0)) -> 0 | AV22: =IF(U22>V22,1,0) -> 0 | AW22: =IF(OR(W22>تنظیمات!$B$8,X22="بله"),1,0) -> 0 | AX22: =IF(AND(N22="بله",L22>تنظیمات!$B$9),1,0) -> 0 | AY22: =IF(Y22="معکوس",1,0) -> 0 | AZ22: =IF(ABS(AJ22)>تنظیمات!$B$10,1,0) -> 0 | BA22: =IF(AND(OR(AD22="رایگان/VIP",AD22="جانباز"),AF22="خیر"),1,0) -> 0 | BB22: =IF(AE22="",0,IF(COUNTIF($AE$2:$AE$1001,AE22)>1,1,0)) -> 0 | BC22: =IF(AND(H22="",I22>تنظیمات!$B$12*60,AM22="خالی"),1,0) -> 0 | BD22: =IF(AND(AP22="بله",I22<تنظیمات!$B$14,AO22="خیر"),1,0) -> 0 | BE22: =IF(AN22="خیر",1,0) -> 0 | BF22: =IF(AND(AD22="فیش مفقودی",AQ22="بله",I22>تنظیمات!$B$12*60),1,0) -> 0 | BG22: =IF(AND(AK22>تنظیمات!$B$11,AL22="بله"),1,0) -> 0 | BH22: =MIN(100,AR22*تنظیمات!$B$21+AS22*تنظیمات!$B$22+AT22*تنظیمات!$B$23+AU22*تنظیمات!$B$24+AV22*تنظیمات!$B$25+AW22*تنظیمات!$B$26+AX22*تنظیمات!$B$27+AY22*تنظیمات!$B$28+AZ22*تنظیمات!$B$29+BA22*تنظیمات!$B$30+BB22*تنظیمات!$B$31+BC22*تنظیمات!$B$32+BD22*تنظیمات!$B$33+BE22*تنظیمات!$B$34+BF22*تنظیمات!$B$35+BG22*تنظیمات!$B$36) -> 0 | BI22: =IF(BH22>=60,"بحرانی",IF(BH22>=30,"مشکوک",IF(BH22>0,"هشدار","عادی"))) -> عادی | BJ22: عادی
A23: EV-00022 | B23: 21ج756-25 | D23: لکسوس RX | E23: قرمز | F23: لوکس | G23: 46281.066 | H23: 46281.409 | I23: =IF(H23="",ROUND((تنظیمات!$B$7-G23)*1440,0),ROUND((H23-G23)*1440,0)) -> 495 | J23: E2 | K23: X1 | L23: 0.905 | M23: 0.971 | N23: خیر | O23: OP-01 | P23: صبح | Q23: 46281 | R23: TK-260916-00022 | S23: تسویه‌شده | U23: 1 | V23: 1 | W23: 3.5 | X23: خیر | Y23: عادی | Z23: اشتراک | AD23: اشتراک ماهانه | AF23: =IF(COUNTIF(لیست_سفید!$A$2:$A$21,B23)>0,"بله","خیر") -> خیر | AG23: =IF(H23="","",IF(AD23="فیش مفقودی",تنظیمات!$B$6,(INT(I23/1440)*تنظیمات!$B$5+IF(MOD(I23,1440)<=تنظیمات!$B$2,0,MIN(تنظیمات!$B$5,تنظیمات!$B$3+MAX(0,ROUNDUP((MOD(I23,1440)-60)/60,0))*تنظیمات!$B$4)))*INDEX(تعرفه!$B$2:$B$7,MATCH(AD23,تعرفه!$A$2:$A$7,0)))) -> 0 | AH23: 0 | AI23: =IF(AG23="","",AH23-AG23) -> 0 | AJ23: 1 | AK23: 0 | AL23: خیر | AN23: بله | AO23: بله | AP23: خیر | AR23: =IF(AND(T23<>"",H23<>""),IF(AND((T23-H23)*86400>=0,(T23-H23)*86400<تنظیمات!$B$13),1,0),0) -> 0 | AS23: =IF(Z23="پوز",IF(OR(AB23="",COUNTIF(پوزها!$A$2:$A$5,AA23)=0),1,0),0) -> 0 | AT23: =IF(AI23="",0,IF(AI23>0,1,0)) -> 0 | AU23: =IF(AI23="",0,IF(AI23<0,1,0)) -> 0 | AV23: =IF(U23>V23,1,0) -> 0 | AW23: =IF(OR(W23>تنظیمات!$B$8,X23="بله"),1,0) -> 0 | AX23: =IF(AND(N23="بله",L23>تنظیمات!$B$9),1,0) -> 0 | AY23: =IF(Y23="معکوس",1,0) -> 0 | AZ23: =IF(ABS(AJ23)>تنظیمات!$B$10,1,0) -> 0 | BA23: =IF(AND(OR(AD23="رایگان/VIP",AD23="جانباز"),AF23="خیر"),1,0) -> 0 | BB23: =IF(AE23="",0,IF(COUNTIF($AE$2:$AE$1001,AE23)>1,1,0)) -> 0 | BC23: =IF(AND(H23="",I23>تنظیمات!$B$12*60,AM23="خالی"),1,0) -> 0 | BD23: =IF(AND(AP23="بله",I23<تنظیمات!$B$14,AO23="خیر"),1,0) -> 0 | BE23: =IF(AN23="خیر",1,0) -> 0 | BF23: =IF(AND(AD23="فیش مفقودی",AQ23="بله",I23>تنظیمات!$B$12*60),1,0) -> 0 | BG23: =IF(AND(AK23>تنظیمات!$B$11,AL23="بله"),1,0) -> 0 | BH23: =MIN(100,AR23*تنظیمات!$B$21+AS23*تنظیمات!$B$22+AT23*تنظیمات!$B$23+AU23*تنظیمات!$B$24+AV23*تنظیمات!$B$25+AW23*تنظیمات!$B$26+AX23*تنظیمات!$B$27+AY23*تنظیمات!$B$28+AZ23*تنظیمات!$B$29+BA23*تنظیمات!$B$30+BB23*تنظیمات!$B$31+BC23*تنظیمات!$B$32+BD23*تنظیمات!$B$33+BE23*تنظیمات!$B$34+BF23*تنظیمات!$B$35+BG23*تنظیمات!$B$36) -> 0 | BI23: =IF(BH23>=60,"بحرانی",IF(BH23>=30,"مشکوک",IF(BH23>0,"هشدار","عادی"))) -> عادی | BJ23: عادی
A24: EV-00023 | B24: 60ط464-23 | D24: وانت نیسان | E24: آبی | F24: اقتصادی | G24: 46281.104 | H24: 46281.504 | I24: =IF(H24="",ROUND((تنظیمات!$B$7-G24)*1440,0),ROUND((H24-G24)*1440,0)) -> 576 | J24: E1 | K24: X2 | L24: 0.991 | M24: 0.891 | N24: خیر | O24: OP-02 | P24: صبح | Q24: 46281 | R24: TK-260916-00023 | S24: تسویه‌شده | U24: 1 | V24: 1 | W24: 6.8 | X24: خیر | Y24: عادی | Z24: اشتراک | AD24: اشتراک ماهانه | AF24: =IF(COUNTIF(لیست_سفید!$A$2:$A$21,B24)>0,"بله","خیر") -> خیر | AG24: =IF(H24="","",IF(AD24="فیش مفقودی",تنظیمات!$B$6,(INT(I24/1440)*تنظیمات!$B$5+IF(MOD(I24,1440)<=تنظیمات!$B$2,0,MIN(تنظیمات!$B$5,تنظیمات!$B$3+MAX(0,ROUNDUP((MOD(I24,1440)-60)/60,0))*تنظیمات!$B$4)))*INDEX(تعرفه!$B$2:$B$7,MATCH(AD24,تعرفه!$A$2:$A$7,0)))) -> 0 | AH24: 0 | AI24: =IF(AG24="","",AH24-AG24) -> 0 | AJ24: -2 | AK24: 76 | AL24: خیر | AN24: بله | AO24: بله | AP24: خیر | AR24: =IF(AND(T24<>"",H24<>""),IF(AND((T24-H24)*86400>=0,(T24-H24)*86400<تنظیمات!$B$13),1,0),0) -> 0 | AS24: =IF(Z24="پوز",IF(OR(AB24="",COUNTIF(پوزها!$A$2:$A$5,AA24)=0),1,0),0) -> 0 | AT24: =IF(AI24="",0,IF(AI24>0,1,0)) -> 0 | AU24: =IF(AI24="",0,IF(AI24<0,1,0)) -> 0 | AV24: =IF(U24>V24,1,0) -> 0 | AW24: =IF(OR(W24>تنظیمات!$B$8,X24="بله"),1,0) -> 0 | AX24: =IF(AND(N24="بله",L24>تنظیمات!$B$9),1,0) -> 0 | AY24: =IF(Y24="معکوس",1,0) -> 0 | AZ24: =IF(ABS(AJ24)>تنظیمات!$B$10,1,0) -> 0 | BA24: =IF(AND(OR(AD24="رایگان/VIP",AD24="جانباز"),AF24="خیر"),1,0) -> 0 | BB24: =IF(AE24="",0,IF(COUNTIF($AE$2:$AE$1001,AE24)>1,1,0)) -> 0 | BC24: =IF(AND(H24="",I24>تنظیمات!$B$12*60,AM24="خالی"),1,0) -> 0 | BD24: =IF(AND(AP24="بله",I24<تنظیمات!$B$14,AO24="خیر"),1,0) -> 0 | BE24: =IF(AN24="خیر",1,0) -> 0 | BF24: =IF(AND(AD24="فیش مفقودی",AQ24="بله",I24>تنظیمات!$B$12*60),1,0) -> 0 | BG24: =IF(AND(AK24>تنظیمات!$B$11,AL24="بله"),1,0) -> 0 | BH24: =MIN(100,AR24*تنظیمات!$B$21+AS24*تنظیمات!$B$22+AT24*تنظیمات!$B$23+AU24*تنظیمات!$B$24+AV24*تنظیمات!$B$25+AW24*تنظیمات!$B$26+AX24*تنظیمات!$B$27+AY24*تنظیمات!$B$28+AZ24*تنظیمات!$B$29+BA24*تنظیمات!$B$30+BB24*تنظیمات!$B$31+BC24*تنظیمات!$B$32+BD24*تنظیمات!$B$33+BE24*تنظیمات!$B$34+BF24*تنظیمات!$B$35+BG24*تنظیمات!$B$36) -> 0 | BI24: =IF(BH24>=60,"بحرانی",IF(BH24>=30,"مشکوک",IF(BH24>0,"هشدار","عادی"))) -> عادی | BJ24: عادی
A25: EV-00024 | B25: 32ا228-38 | D25: پژو 206 | E25: سفید | F25: اقتصادی | G25: 46281.112 | H25: 46281.386 | I25: =IF(H25="",ROUND((تنظیمات!$B$7-G25)*1440,0),ROUND((H25-G25)*1440,0)) -> 395 | J25: E2 | K25: X1 | L25: 0.994 | M25: 0.884 | N25: خیر | O25: OP-01 | P25: صبح | Q25: 46281 | R25: TK-260916-00024 | S25: ابطال و بازصدور | T25: 46281.379 | U25: 1 | V25: 1 | W25: 6.1 | X25: خیر | Y25: عادی | Z25: پوز | AA25: T-1001 | AB25: 316096015175 | AC25: 46281.385 | AD25: عادی | AF25: =IF(COUNTIF(لیست_سفید!$A$2:$A$21,B25)>0,"بله","خیر") -> خیر | AG25: =IF(H25="","",IF(AD25="فیش مفقودی",تنظیمات!$B$6,(INT(I25/1440)*تنظیمات!$B$5+IF(MOD(I25,1440)<=تنظیمات!$B$2,0,MIN(تنظیمات!$B$5,تنظیمات!$B$3+MAX(0,ROUNDUP((MOD(I25,1440)-60)/60,0))*تنظیمات!$B$4)))*INDEX(تعرفه!$B$2:$B$7,MATCH(AD25,تعرفه!$A$2:$A$7,0)))) -> 104000 | AH25: 104000 | AI25: =IF(AG25="","",AH25-AG25) -> 0 | AJ25: 0 | AK25: 0 | AL25: خیر | AN25: بله | AO25: بله | AP25: خیر | AR25: =IF(AND(T25<>"",H25<>""),IF(AND((T25-H25)*86400>=0,(T25-H25)*86400<تنظیمات!$B$13),1,0),0) -> 0 | AS25: =IF(Z25="پوز",IF(OR(AB25="",COUNTIF(پوزها!$A$2:$A$5,AA25)=0),1,0),0) -> 0 | AT25: =IF(AI25="",0,IF(AI25>0,1,0)) -> 0 | AU25: =IF(AI25="",0,IF(AI25<0,1,0)) -> 0 | AV25: =IF(U25>V25,1,0) -> 0 | AW25: =IF(OR(W25>تنظیمات!$B$8,X25="بله"),1,0) -> 0 | AX25: =IF(AND(N25="بله",L25>تنظیمات!$B$9),1,0) -> 0 | AY25: =IF(Y25="معکوس",1,0) -> 0 | AZ25: =IF(ABS(AJ25)>تنظیمات!$B$10,1,0) -> 0 | BA25: =IF(AND(OR(AD25="رایگان/VIP",AD25="جانباز"),AF25="خیر"),1,0) -> 0 | BB25: =IF(AE25="",0,IF(COUNTIF($AE$2:$AE$1001,AE25)>1,1,0)) -> 0 | BC25: =IF(AND(H25="",I25>تنظیمات!$B$12*60,AM25="خالی"),1,0) -> 0 | BD25: =IF(AND(AP25="بله",I25<تنظیمات!$B$14,AO25="خیر"),1,0) -> 0 | BE25: =IF(AN25="خیر",1,0) -> 0 | BF25: =IF(AND(AD25="فیش مفقودی",AQ25="بله",I25>تنظیمات!$B$12*60),1,0) -> 0 | BG25: =IF(AND(AK25>تنظیمات!$B$11,AL25="بله"),1,0) -> 0 | BH25: =MIN(100,AR25*تنظیمات!$B$21+AS25*تنظیمات!$B$22+AT25*تنظیمات!$B$23+AU25*تنظیمات!$B$24+AV25*تنظیمات!$B$25+AW25*تنظیمات!$B$26+AX25*تنظیمات!$B$27+AY25*تنظیمات!$B$28+AZ25*تنظیمات!$B$29+BA25*تنظیمات!$B$30+BB25*تنظیمات!$B$31+BC25*تنظیمات!$B$32+BD25*تنظیمات!$B$33+BE25*تنظیمات!$B$34+BF25*تنظیمات!$B$35+BG25*تنظیمات!$B$36) -> 0 | BI25: =IF(BH25>=60,"بحرانی",IF(BH25>=30,"مشکوک",IF(BH25>0,"هشدار","عادی"))) -> عادی | BJ25: عادی
A26: EV-00025 | B26: 19ط624-47 | D26: وانت نیسان | E26: مشکی | F26: اقتصادی | G26: 46281.113 | H26: 46281.441 | I26: =IF(H26="",ROUND((تنظیمات!$B$7-G26)*1440,0),ROUND((H26-G26)*1440,0)) -> 472 | J26: E1 | K26: X1 | L26: 0.908 | M26: 0.959 | N26: خیر | O26: OP-01 | P26: صبح | Q26: 46281 | R26: TK-260916-00025 | S26: تسویه‌شده | U26: 1 | V26: 1 | W26: 3.3 | X26: خیر | Y26: عادی | Z26: پوز | AA26: T-1001 | AB26: 855422751439 | AC26: 46281.441 | AD26: عادی | AF26: =IF(COUNTIF(لیست_سفید!$A$2:$A$21,B26)>0,"بله","خیر") -> خیر | AG26: =IF(H26="","",IF(AD26="فیش مفقودی",تنظیمات!$B$6,(INT(I26/1440)*تنظیمات!$B$5+IF(MOD(I26,1440)<=تنظیمات!$B$2,0,MIN(تنظیمات!$B$5,تنظیمات!$B$3+MAX(0,ROUNDUP((MOD(I26,1440)-60)/60,0))*تنظیمات!$B$4)))*INDEX(تعرفه!$B$2:$B$7,MATCH(AD26,تعرفه!$A$2:$A$7,0)))) -> 118000 | AH26: 118000 | AI26: =IF(AG26="","",AH26-AG26) -> 0 | AJ26: -2 | AK26: 0 | AL26: خیر | AN26: بله | AO26: بله | AP26: خیر | AR26: =IF(AND(T26<>"",H26<>""),IF(AND((T26-H26)*86400>=0,(T26-H26)*86400<تنظیمات!$B$13),1,0),0) -> 0 | AS26: =IF(Z26="پوز",IF(OR(AB26="",COUNTIF(پوزها!$A$2:$A$5,AA26)=0),1,0),0) -> 0 | AT26: =IF(AI26="",0,IF(AI26>0,1,0)) -> 0 | AU26: =IF(AI26="",0,IF(AI26<0,1,0)) -> 0 | AV26: =IF(U26>V26,1,0) -> 0 | AW26: =IF(OR(W26>تنظیمات!$B$8,X26="بله"),1,0) -> 0 | AX26: =IF(AND(N26="بله",L26>تنظیمات!$B$9),1,0) -> 0 | AY26: =IF(Y26="معکوس",1,0) -> 0 | AZ26: =IF(ABS(AJ26)>تنظیمات!$B$10,1,0) -> 0 | BA26: =IF(AND(OR(AD26="رایگان/VIP",AD26="جانباز"),AF26="خیر"),1,0) -> 0 | BB26: =IF(AE26="",0,IF(COUNTIF($AE$2:$AE$1001,AE26)>1,1,0)) -> 0 | BC26: =IF(AND(H26="",I26>تنظیمات!$B$12*60,AM26="خالی"),1,0) -> 0 | BD26: =IF(AND(AP26="بله",I26<تنظیمات!$B$14,AO26="خیر"),1,0) -> 0 | BE26: =IF(AN26="خیر",1,0) -> 0 | BF26: =IF(AND(AD26="فیش مفقودی",AQ26="بله",I26>تنظیمات!$B$12*60),1,0) -> 0 | BG26: =IF(AND(AK26>تنظیمات!$B$11,AL26="بله"),1,0) -> 0 | BH26: =MIN(100,AR26*تنظیمات!$B$21+AS26*تنظیمات!$B$22+AT26*تنظیمات!$B$23+AU26*تنظیمات!$B$24+AV26*تنظیمات!$B$25+AW26*تنظیمات!$B$26+AX26*تنظیمات!$B$27+AY26*تنظیمات!$B$28+AZ26*تنظیمات!$B$29+BA26*تنظیمات!$B$30+BB26*تنظیمات!$B$31+BC26*تنظیمات!$B$32+BD26*تنظیمات!$B$33+BE26*تنظیمات!$B$34+BF26*تنظیمات!$B$35+BG26*تنظیمات!$B$36) -> 0 | BI26: =IF(BH26>=60,"بحرانی",IF(BH26>=30,"مشکوک",IF(BH26>0,"هشدار","عادی"))) -> عادی | BJ26: عادی
A27: EV-00026 | B27: 63و350-15 | D27: لکسوس RX | E27: قرمز | F27: لوکس | G27: 46281.158 | H27: 46281.324 | I27: =IF(H27="",ROUND((تنظیمات!$B$7-G27)*1440,0),ROUND((H27-G27)*1440,0)) -> 238 | J27: E2 | K27: X1 | L27: 0.995 | M27: 0.918 | N27: خیر | O27: OP-01 | P27: صبح | Q27: 46281 | R27: TK-260916-00026 | S27: تسویه‌شده | U27: 1 | V27: 1 | W27: 3.7 | X27: خیر | Y27: عادی | Z27: پوز | AA27: T-1001 | AB27: 940960176085 | AC27: 46281.323 | AD27: عادی | AF27: =IF(COUNTIF(لیست_سفید!$A$2:$A$21,B27)>0,"بله","خیر") -> خیر | AG27: =IF(H27="","",IF(AD27="فیش مفقودی",تنظیمات!$B$6,(INT(I27/1440)*تنظیمات!$B$5+IF(MOD(I27,1440)<=تنظیمات!$B$2,0,MIN(تنظیمات!$B$5,تنظیمات!$B$3+MAX(0,ROUNDUP((MOD(I27,1440)-60)/60,0))*تنظیمات!$B$4)))*INDEX(تعرفه!$B$2:$B$7,MATCH(AD27,تعرفه!$A$2:$A$7,0)))) -> 62000 | AH27: 62000 | AI27: =IF(AG27="","",AH27-AG27) -> 0 | AJ27: -5 | AK27: 0 | AL27: خیر | AN27: بله | AO27: بله | AP27: خیر | AR27: =IF(AND(T27<>"",H27<>""),IF(AND((T27-H27)*86400>=0,(T27-H27)*86400<تنظیمات!$B$13),1,0),0) -> 0 | AS27: =IF(Z27="پوز",IF(OR(AB27="",COUNTIF(پوزها!$A$2:$A$5,AA27)=0),1,0),0) -> 0 | AT27: =IF(AI27="",0,IF(AI27>0,1,0)) -> 0 | AU27: =IF(AI27="",0,IF(AI27<0,1,0)) -> 0 | AV27: =IF(U27>V27,1,0) -> 0 | AW27: =IF(OR(W27>تنظیمات!$B$8,X27="بله"),1,0) -> 0 | AX27: =IF(AND(N27="بله",L27>تنظیمات!$B$9),1,0) -> 0 | AY27: =IF(Y27="معکوس",1,0) -> 0 | AZ27: =IF(ABS(AJ27)>تنظیمات!$B$10,1,0) -> 0 | BA27: =IF(AND(OR(AD27="رایگان/VIP",AD27="جانباز"),AF27="خیر"),1,0) -> 0 | BB27: =IF(AE27="",0,IF(COUNTIF($AE$2:$AE$1001,AE27)>1,1,0)) -> 0 | BC27: =IF(AND(H27="",I27>تنظیمات!$B$12*60,AM27="خالی"),1,0) -> 0 | BD27: =IF(AND(AP27="بله",I27<تنظیمات!$B$14,AO27="خیر"),1,0) -> 0 | BE27: =IF(AN27="خیر",1,0) -> 0 | BF27: =IF(AND(AD27="فیش مفقودی",AQ27="بله",I27>تنظیمات!$B$12*60),1,0) -> 0 | BG27: =IF(AND(AK27>تنظیمات!$B$11,AL27="بله"),1,0) -> 0 | BH27: =MIN(100,AR27*تنظیمات!$B$21+AS27*تنظیمات!$B$22+AT27*تنظیمات!$B$23+AU27*تنظیمات!$B$24+AV27*تنظیمات!$B$25+AW27*تنظیمات!$B$26+AX27*تنظیمات!$B$27+AY27*تنظیمات!$B$28+AZ27*تنظیمات!$B$29+BA27*تنظیمات!$B$30+BB27*تنظیمات!$B$31+BC27*تنظیمات!$B$32+BD27*تنظیمات!$B$33+BE27*تنظیمات!$B$34+BF27*تنظیمات!$B$35+BG27*تنظیمات!$B$36) -> 0 | BI27: =IF(BH27>=60,"بحرانی",IF(BH27>=30,"مشکوک",IF(BH27>0,"هشدار","عادی"))) -> عادی | BJ27: عادی
A28: EV-00027 | B28: 18پ924-25 | D28: لکسوس RX | E28: خاکستری | F28: لوکس | G28: 46281.164 | H28: 46281.489 | I28: =IF(H28="",ROUND((تنظیمات!$B$7-G28)*1440,0),ROUND((H28-G28)*1440,0)) -> 468 | J28: E1 | K28: X1 | L28: 0.914 | M28: 0.944 | N28: خیر | O28: OP-01 | P28: صبح | Q28: 46281 | R28: TK-260916-00027 | S28: تسویه‌شده | U28: 1 | V28: 1 | W28: 5.2 | X28: خیر | Y28: عادی | Z28: معاف | AD28: رایگان/VIP | AF28: =IF(COUNTIF(لیست_سفید!$A$2:$A$21,B28)>0,"بله","خیر") -> بله | AG28: =IF(H28="","",IF(AD28="فیش مفقودی",تنظیمات!$B$6,(INT(I28/1440)*تنظیمات!$B$5+IF(MOD(I28,1440)<=تنظیمات!$B$2,0,MIN(تنظیمات!$B$5,تنظیمات!$B$3+MAX(0,ROUNDUP((MOD(I28,1440)-60)/60,0))*تنظیمات!$B$4)))*INDEX(تعرفه!$B$2:$B$7,MATCH(AD28,تعرفه!$A$2:$A$7,0)))) -> 0 | AH28: 0 | AI28: =IF(AG28="","",AH28-AG28) -> 0 | AJ28: 1 | AK28: 0 | AL28: خیر | AN28: بله | AO28: بله | AP28: خیر | AR28: =IF(AND(T28<>"",H28<>""),IF(AND((T28-H28)*86400>=0,(T28-H28)*86400<تنظیمات!$B$13),1,0),0) -> 0 | AS28: =IF(Z28="پوز",IF(OR(AB28="",COUNTIF(پوزها!$A$2:$A$5,AA28)=0),1,0),0) -> 0 | AT28: =IF(AI28="",0,IF(AI28>0,1,0)) -> 0 | AU28: =IF(AI28="",0,IF(AI28<0,1,0)) -> 0 | AV28: =IF(U28>V28,1,0) -> 0 | AW28: =IF(OR(W28>تنظیمات!$B$8,X28="بله"),1,0) -> 0 | AX28: =IF(AND(N28="بله",L28>تنظیمات!$B$9),1,0) -> 0 | AY28: =IF(Y28="معکوس",1,0) -> 0 | AZ28: =IF(ABS(AJ28)>تنظیمات!$B$10,1,0) -> 0 | BA28: =IF(AND(OR(AD28="رایگان/VIP",AD28="جانباز"),AF28="خیر"),1,0) -> 0 | BB28: =IF(AE28="",0,IF(COUNTIF($AE$2:$AE$1001,AE28)>1,1,0)) -> 0 | BC28: =IF(AND(H28="",I28>تنظیمات!$B$12*60,AM28="خالی"),1,0) -> 0 | BD28: =IF(AND(AP28="بله",I28<تنظیمات!$B$14,AO28="خیر"),1,0) -> 0 | BE28: =IF(AN28="خیر",1,0) -> 0 | BF28: =IF(AND(AD28="فیش مفقودی",AQ28="بله",I28>تنظیمات!$B$12*60),1,0) -> 0 | BG28: =IF(AND(AK28>تنظیمات!$B$11,AL28="بله"),1,0) -> 0 | BH28: =MIN(100,AR28*تنظیمات!$B$21+AS28*تنظیمات!$B$22+AT28*تنظیمات!$B$23+AU28*تنظیمات!$B$24+AV28*تنظیمات!$B$25+AW28*تنظیمات!$B$26+AX28*تنظیمات!$B$27+AY28*تنظیمات!$B$28+AZ28*تنظیمات!$B$29+BA28*تنظیمات!$B$30+BB28*تنظیمات!$B$31+BC28*تنظیمات!$B$32+BD28*تنظیمات!$B$33+BE28*تنظیمات!$B$34+BF28*تنظیمات!$B$35+BG28*تنظیمات!$B$36) -> 0 | BI28: =IF(BH28>=60,"بحرانی",IF(BH28>=30,"مشکوک",IF(BH28>0,"هشدار","عادی"))) -> عادی | BJ28: عادی
A29: EV-00028 | B29: 40ص259-13 | D29: تویوتا کمری | E29: آبی | F29: لوکس | G29: 46281.178 | H29: 46281.566 | I29: =IF(H29="",ROUND((تنظیمات!$B$7-G29)*1440,0),ROUND((H29-G29)*1440,0)) -> 558 | J29: E1 | K29: X2 | L29: 0.991 | M29: 0.982 | N29: خیر | O29: OP-02 | P29: صبح | Q29: 46281 | R29: TK-260916-00028 | S29: تسویه‌شده | U29: 1 | V29: 1 | W29: 7.1 | X29: خیر | Y29: عادی | Z29: اشتراک | AD29: اشتراک ماهانه | AF29: =IF(COUNTIF(لیست_سفید!$A$2:$A$21,B29)>0,"بله","خیر") -> خیر | AG29: =IF(H29="","",IF(AD29="فیش مفقودی",تنظیمات!$B$6,(INT(I29/1440)*تنظیمات!$B$5+IF(MOD(I29,1440)<=تنظیمات!$B$2,0,MIN(تنظیمات!$B$5,تنظیمات!$B$3+MAX(0,ROUNDUP((MOD(I29,1440)-60)/60,0))*تنظیمات!$B$4)))*INDEX(تعرفه!$B$2:$B$7,MATCH(AD29,تعرفه!$A$2:$A$7,0)))) -> 0 | AH29: 0 | AI29: =IF(AG29="","",AH29-AG29) -> 0 | AJ29: -5 | AK29: 0 | AL29: خیر | AN29: بله | AO29: بله | AP29: خیر | AR29: =IF(AND(T29<>"",H29<>""),IF(AND((T29-H29)*86400>=0,(T29-H29)*86400<تنظیمات!$B$13),1,0),0) -> 0 | AS29: =IF(Z29="پوز",IF(OR(AB29="",COUNTIF(پوزها!$A$2:$A$5,AA29)=0),1,0),0) -> 0 | AT29: =IF(AI29="",0,IF(AI29>0,1,0)) -> 0 | AU29: =IF(AI29="",0,IF(AI29<0,1,0)) -> 0 | AV29: =IF(U29>V29,1,0) -> 0 | AW29: =IF(OR(W29>تنظیمات!$B$8,X29="بله"),1,0) -> 0 | AX29: =IF(AND(N29="بله",L29>تنظیمات!$B$9),1,0) -> 0 | AY29: =IF(Y29="معکوس",1,0) -> 0 | AZ29: =IF(ABS(AJ29)>تنظیمات!$B$10,1,0) -> 0 | BA29: =IF(AND(OR(AD29="رایگان/VIP",AD29="جانباز"),AF29="خیر"),1,0) -> 0 | BB29: =IF(AE29="",0,IF(COUNTIF($AE$2:$AE$1001,AE29)>1,1,0)) -> 0 | BC29: =IF(AND(H29="",I29>تنظیمات!$B$12*60,AM29="خالی"),1,0) -> 0 | BD29: =IF(AND(AP29="بله",I29<تنظیمات!$B$14,AO29="خیر"),1,0) -> 0 | BE29: =IF(AN29="خیر",1,0) -> 0 | BF29: =IF(AND(AD29="فیش مفقودی",AQ29="بله",I29>تنظیمات!$B$12*60),1,0) -> 0 | BG29: =IF(AND(AK29>تنظیمات!$B$11,AL29="بله"),1,0) -> 0 | BH29: =MIN(100,AR29*تنظیمات!$B$21+AS29*تنظیمات!$B$22+AT29*تنظیمات!$B$23+AU29*تنظیمات!$B$24+AV29*تنظیمات!$B$25+AW29*تنظیمات!$B$26+AX29*تنظیمات!$B$27+AY29*تنظیمات!$B$28+AZ29*تنظیمات!$B$29+BA29*تنظیمات!$B$30+BB29*تنظیمات!$B$31+BC29*تنظیمات!$B$32+BD29*تنظیمات!$B$33+BE29*تنظیمات!$B$34+BF29*تنظیمات!$B$35+BG29*تنظیمات!$B$36) -> 0 | BI29: =IF(BH29>=60,"بحرانی",IF(BH29>=30,"مشکوک",IF(BH29>0,"هشدار","عادی"))) -> عادی | BJ29: عادی
A30: EV-00029 | B30: 23ت482-24 | D30: وانت نیسان | E30: قرمز | F30: اقتصادی | G30: 46281.182 | H30: 46281.383 | I30: =IF(H30="",ROUND((تنظیمات!$B$7-G30)*1440,0),ROUND((H30-G30)*1440,0)) -> 289 | J30: E2 | K30: X2 | L30: 0.952 | M30: 0.974 | N30: خیر | O30: OP-02 | P30: صبح | Q30: 46281 | R30: TK-260916-00029 | S30: تسویه‌شده | U30: 1 | V30: 1 | W30: 3.4 | X30: خیر | Y30: عادی | Z30: معاف | AD30: رایگان/VIP | AF30: =IF(COUNTIF(لیست_سفید!$A$2:$A$21,B30)>0,"بله","خیر") -> بله | AG30: =IF(H30="","",IF(AD30="فیش مفقودی",تنظیمات!$B$6,(INT(I30/1440)*تنظیمات!$B$5+IF(MOD(I30,1440)<=تنظیمات!$B$2,0,MIN(تنظیمات!$B$5,تنظیمات!$B$3+MAX(0,ROUNDUP((MOD(I30,1440)-60)/60,0))*تنظیمات!$B$4)))*INDEX(تعرفه!$B$2:$B$7,MATCH(AD30,تعرفه!$A$2:$A$7,0)))) -> 0 | AH30: 0 | AI30: =IF(AG30="","",AH30-AG30) -> 0 | AJ30: 0 | AK30: 0 | AL30: خیر | AN30: بله | AO30: بله | AP30: خیر | AR30: =IF(AND(T30<>"",H30<>""),IF(AND((T30-H30)*86400>=0,(T30-H30)*86400<تنظیمات!$B$13),1,0),0) -> 0 | AS30: =IF(Z30="پوز",IF(OR(AB30="",COUNTIF(پوزها!$A$2:$A$5,AA30)=0),1,0),0) -> 0 | AT30: =IF(AI30="",0,IF(AI30>0,1,0)) -> 0 | AU30: =IF(AI30="",0,IF(AI30<0,1,0)) -> 0 | AV30: =IF(U30>V30,1,0) -> 0 | AW30: =IF(OR(W30>تنظیمات!$B$8,X30="بله"),1,0) -> 0 | AX30: =IF(AND(N30="بله",L30>تنظیمات!$B$9),1,0) -> 0 | AY30: =IF(Y30="معکوس",1,0) -> 0 | AZ30: =IF(ABS(AJ30)>تنظیمات!$B$10,1,0) -> 0 | BA30: =IF(AND(OR(AD30="رایگان/VIP",AD30="جانباز"),AF30="خیر"),1,0) -> 0 | BB30: =IF(AE30="",0,IF(COUNTIF($AE$2:$AE$1001,AE30)>1,1,0)) -> 0 | BC30: =IF(AND(H30="",I30>تنظیمات!$B$12*60,AM30="خالی"),1,0) -> 0 | BD30: =IF(AND(AP30="بله",I30<تنظیمات!$B$14,AO30="خیر"),1,0) -> 0 | BE30: =IF(AN30="خیر",1,0) -> 0 | BF30: =IF(AND(AD30="فیش مفقودی",AQ30="بله",I30>تنظیمات!$B$12*60),1,0) -> 0 | BG30: =IF(AND(AK30>تنظیمات!$B$11,AL30="بله"),1,0) -> 0 | BH30: =MIN(100,AR30*تنظیمات!$B$21+AS30*تنظیمات!$B$22+AT30*تنظیمات!$B$23+AU30*تنظیمات!$B$24+AV30*تنظیمات!$B$25+AW30*تنظیمات!$B$26+AX30*تنظیمات!$B$27+AY30*تنظیمات!$B$28+AZ30*تنظیمات!$B$29+BA30*تنظیمات!$B$30+BB30*تنظیمات!$B$31+BC30*تنظیمات!$B$32+BD30*تنظیمات!$B$33+BE30*تنظیمات!$B$34+BF30*تنظیمات!$B$35+BG30*تنظیمات!$B$36) -> 0 | BI30: =IF(BH30>=60,"بحرانی",IF(BH30>=30,"مشکوک",IF(BH30>0,"هشدار","عادی"))) -> عادی | BJ30: عادی
A31: EV-00030 | B31: 44ص472-81 | D31: موتورسیکلت | E31: نقره‌ای | F31: اقتصادی | G31: 46281.194 | H31: 46281.48 | I31: =IF(H31="",ROUND((تنظیمات!$B$7-G31)*1440,0),ROUND((H31-G31)*1440,0)) -> 411 | J31: E2 | K31: X2 | L31: 0.99 | M31: 0.965 | N31: خیر | O31: OP-02 | P31: صبح | Q31: 46281 | R31: TK-260916-00030 | S31: تسویه‌شده | U31: 1 | V31: 1 | W31: 6.2 | X31: خیر | Y31: عادی | Z31: پوز | AA31: T-1002 | AB31: 778635429133 | AC31: 46281.479 | AD31: عادی | AF31: =IF(COUNTIF(لیست_سفید!$A$2:$A$21,B31)>0,"بله","خیر") -> خیر | AG31: =IF(H31="","",IF(AD31="فیش مفقودی",تنظیمات!$B$6,(INT(I31/1440)*تنظیمات!$B$5+IF(MOD(I31,1440)<=تنظیمات!$B$2,0,MIN(تنظیمات!$B$5,تنظیمات!$B$3+MAX(0,ROUNDUP((MOD(I31,1440)-60)/60,0))*تنظیمات!$B$4)))*INDEX(تعرفه!$B$2:$B$7,MATCH(AD31,تعرفه!$A$2:$A$7,0)))) -> 104000 | AH31: 104000 | AI31: =IF(AG31="","",AH31-AG31) -> 0 | AJ31: -2 | AK31: 0 | AL31: خیر | AN31: بله | AO31: بله | AP31: خیر | AR31: =IF(AND(T31<>"",H31<>""),IF(AND((T31-H31)*86400>=0,(T31-H31)*86400<تنظیمات!$B$13),1,0),0) -> 0 | AS31: =IF(Z31="پوز",IF(OR(AB31="",COUNTIF(پوزها!$A$2:$A$5,AA31)=0),1,0),0) -> 0 | AT31: =IF(AI31="",0,IF(AI31>0,1,0)) -> 0 | AU31: =IF(AI31="",0,IF(AI31<0,1,0)) -> 0 | AV31: =IF(U31>V31,1,0) -> 0 | AW31: =IF(OR(W31>تنظیمات!$B$8,X31="بله"),1,0) -> 0 | AX31: =IF(AND(N31="بله",L31>تنظیمات!$B$9),1,0) -> 0 | AY31: =IF(Y31="معکوس",1,0) -> 0 | AZ31: =IF(ABS(AJ31)>تنظیمات!$B$10,1,0) -> 0 | BA31: =IF(AND(OR(AD31="رایگان/VIP",AD31="جانباز"),AF31="خیر"),1,0) -> 0 | BB31: =IF(AE31="",0,IF(COUNTIF($AE$2:$AE$1001,AE31)>1,1,0)) -> 0 | BC31: =IF(AND(H31="",I31>تنظیمات!$B$12*60,AM31="خالی"),1,0) -> 0 | BD31: =IF(AND(AP31="بله",I31<تنظیمات!$B$14,AO31="خیر"),1,0) -> 0 | BE31: =IF(AN31="خیر",1,0) -> 0 | BF31: =IF(AND(AD31="فیش مفقودی",AQ31="بله",I31>تنظیمات!$B$12*60),1,0) -> 0 | BG31: =IF(AND(AK31>تنظیمات!$B$11,AL31="بله"),1,0) -> 0 | BH31: =MIN(100,AR31*تنظیمات!$B$21+AS31*تنظیمات!$B$22+AT31*تنظیمات!$B$23+AU31*تنظیمات!$B$24+AV31*تنظیمات!$B$25+AW31*تنظیمات!$B$26+AX31*تنظیمات!$B$27+AY31*تنظیمات!$B$28+AZ31*تنظیمات!$B$29+BA31*تنظیمات!$B$30+BB31*تنظیمات!$B$31+BC31*تنظیمات!$B$32+BD31*تنظیمات!$B$33+BE31*تنظیمات!$B$34+BF31*تنظیمات!$B$35+BG31*تنظیمات!$B$36) -> 0 | BI31: =IF(BH31>=60,"بحرانی",IF(BH31>=30,"مشکوک",IF(BH31>0,"هشدار","عادی"))) -> عادی | BJ31: عادی
A32: EV-00031 | B32: 38د432-98 | D32: بنز E200 | E32: مشکی | F32: لوکس | G32: 46281.227 | H32: 46281.443 | I32: =IF(H32="",ROUND((تنظیمات!$B$7-G32)*1440,0),ROUND((H32-G32)*1440,0)) -> 312 | J32: E1 | K32: X2 | L32: 0.977 | M32: 0.958 | N32: خیر | O32: OP-02 | P32: صبح | Q32: 46281 | R32: TK-260916-00031 | S32: تسویه‌شده | U32: 1 | V32: 1 | W32: 5.4 | X32: خیر | Y32: عادی | Z32: پوز | AA32: T-1002 | AB32: 854744061614 | AC32: 46281.442 | AD32: تخفیف کد | AE32: DC-91273 | AF32: =IF(COUNTIF(لیست_سفید!$A$2:$A$21,B32)>0,"بله","خیر") -> خیر | AG32: =IF(H32="","",IF(AD32="فیش مفقودی",تنظیمات!$B$6,(INT(I32/1440)*تنظیمات!$B$5+IF(MOD(I32,1440)<=تنظیمات!$B$2,0,MIN(تنظیمات!$B$5,تنظیمات!$B$3+MAX(0,ROUNDUP((MOD(I32,1440)-60)/60,0))*تنظیمات!$B$4)))*INDEX(تعرفه!$B$2:$B$7,MATCH(AD32,تعرفه!$A$2:$A$7,0)))) -> 45000 | AH32: 45000 | AI32: =IF(AG32="","",AH32-AG32) -> 0 | AJ32: 0 | AK32: 0 | AL32: خیر | AN32: بله | AO32: بله | AP32: خیر | AR32: =IF(AND(T32<>"",H32<>""),IF(AND((T32-H32)*86400>=0,(T32-H32)*86400<تنظیمات!$B$13),1,0),0) -> 0 | AS32: =IF(Z32="پوز",IF(OR(AB32="",COUNTIF(پوزها!$A$2:$A$5,AA32)=0),1,0),0) -> 0 | AT32: =IF(AI32="",0,IF(AI32>0,1,0)) -> 0 | AU32: =IF(AI32="",0,IF(AI32<0,1,0)) -> 0 | AV32: =IF(U32>V32,1,0) -> 0 | AW32: =IF(OR(W32>تنظیمات!$B$8,X32="بله"),1,0) -> 0 | AX32: =IF(AND(N32="بله",L32>تنظیمات!$B$9),1,0) -> 0 | AY32: =IF(Y32="معکوس",1,0) -> 0 | AZ32: =IF(ABS(AJ32)>تنظیمات!$B$10,1,0) -> 0 | BA32: =IF(AND(OR(AD32="رایگان/VIP",AD32="جانباز"),AF32="خیر"),1,0) -> 0 | BB32: =IF(AE32="",0,IF(COUNTIF($AE$2:$AE$1001,AE32)>1,1,0)) -> 0 | BC32: =IF(AND(H32="",I32>تنظیمات!$B$12*60,AM32="خالی"),1,0) -> 0 | BD32: =IF(AND(AP32="بله",I32<تنظیمات!$B$14,AO32="خیر"),1,0) -> 0 | BE32: =IF(AN32="خیر",1,0) -> 0 | BF32: =IF(AND(AD32="فیش مفقودی",AQ32="بله",I32>تنظیمات!$B$12*60),1,0) -> 0 | BG32: =IF(AND(AK32>تنظیمات!$B$11,AL32="بله"),1,0) -> 0 | BH32: =MIN(100,AR32*تنظیمات!$B$21+AS32*تنظیمات!$B$22+AT32*تنظیمات!$B$23+AU32*تنظیمات!$B$24+AV32*تنظیمات!$B$25+AW32*تنظیمات!$B$26+AX32*تنظیمات!$B$27+AY32*تنظیمات!$B$28+AZ32*تنظیمات!$B$29+BA32*تنظیمات!$B$30+BB32*تنظیمات!$B$31+BC32*تنظیمات!$B$32+BD32*تنظیمات!$B$33+BE32*تنظیمات!$B$34+BF32*تنظیمات!$B$35+BG32*تنظیمات!$B$36) -> 0 | BI32: =IF(BH32>=60,"بحرانی",IF(BH32>=30,"مشکوک",IF(BH32>0,"هشدار","عادی"))) -> عادی | BJ32: عادی
A33: EV-00032 | B33: 39ک793-57 | D33: موتورسیکلت | E33: سفید | F33: اقتصادی | G33: 46281.259 | H33: 46281.343 | I33: =IF(H33="",ROUND((تنظیمات!$B$7-G33)*1440,0),ROUND((H33-G33)*1440,0)) -> 121 | J33: E1 | K33: X2 | L33: 0.882 | M33: 0.949 | N33: خیر | O33: OP-02 | P33: صبح | Q33: 46281 | R33: TK-260916-00032 | S33: تسویه‌شده | U33: 1 | V33: 1 | W33: 3.9 | X33: خیر | Y33: عادی | Z33: نقد | AD33: عادی | AF33: =IF(COUNTIF(لیست_سفید!$A$2:$A$21,B33)>0,"بله","خیر") -> خیر | AG33: =IF(H33="","",IF(AD33="فیش مفقودی",تنظیمات!$B$6,(INT(I33/1440)*تنظیمات!$B$5+IF(MOD(I33,1440)<=تنظیمات!$B$2,0,MIN(تنظیمات!$B$5,تنظیمات!$B$3+MAX(0,ROUNDUP((MOD(I33,1440)-60)/60,0))*تنظیمات!$B$4)))*INDEX(تعرفه!$B$2:$B$7,MATCH(AD33,تعرفه!$A$2:$A$7,0)))) -> 48000 | AH33: 48000 | AI33: =IF(AG33="","",AH33-AG33) -> 0 | AJ33: -4 | AK33: 0 | AL33: خیر | AN33: بله | AO33: بله | AP33: خیر | AR33: =IF(AND(T33<>"",H33<>""),IF(AND((T33-H33)*86400>=0,(T33-H33)*86400<تنظیمات!$B$13),1,0),0) -> 0 | AS33: =IF(Z33="پوز",IF(OR(AB33="",COUNTIF(پوزها!$A$2:$A$5,AA33)=0),1,0),0) -> 0 | AT33: =IF(AI33="",0,IF(AI33>0,1,0)) -> 0 | AU33: =IF(AI33="",0,IF(AI33<0,1,0)) -> 0 | AV33: =IF(U33>V33,1,0) -> 0 | AW33: =IF(OR(W33>تنظیمات!$B$8,X33="بله"),1,0) -> 0 | AX33: =IF(AND(N33="بله",L33>تنظیمات!$B$9),1,0) -> 0 | AY33: =IF(Y33="معکوس",1,0) -> 0 | AZ33: =IF(ABS(AJ33)>تنظیمات!$B$10,1,0) -> 0 | BA33: =IF(AND(OR(AD33="رایگان/VIP",AD33="جانباز"),AF33="خیر"),1,0) -> 0 | BB33: =IF(AE33="",0,IF(COUNTIF($AE$2:$AE$1001,AE33)>1,1,0)) -> 0 | BC33: =IF(AND(H33="",I33>تنظیمات!$B$12*60,AM33="خالی"),1,0) -> 0 | BD33: =IF(AND(AP33="بله",I33<تنظیمات!$B$14,AO33="خیر"),1,0) -> 0 | BE33: =IF(AN33="خیر",1,0) -> 0 | BF33: =IF(AND(AD33="فیش مفقودی",AQ33="بله",I33>تنظیمات!$B$12*60),1,0) -> 0 | BG33: =IF(AND(AK33>تنظیمات!$B$11,AL33="بله"),1,0) -> 0 | BH33: =MIN(100,AR33*تنظیمات!$B$21+AS33*تنظیمات!$B$22+AT33*تنظیمات!$B$23+AU33*تنظیمات!$B$24+AV33*تنظیمات!$B$25+AW33*تنظیمات!$B$26+AX33*تنظیمات!$B$27+AY33*تنظیمات!$B$28+AZ33*تنظیمات!$B$29+BA33*تنظیمات!$B$30+BB33*تنظیمات!$B$31+BC33*تنظیمات!$B$32+BD33*تنظیمات!$B$33+BE33*تنظیمات!$B$34+BF33*تنظیمات!$B$35+BG33*تنظیمات!$B$36) -> 0 | BI33: =IF(BH33>=60,"بحرانی",IF(BH33>=30,"مشکوک",IF(BH33>0,"هشدار","عادی"))) -> عادی | BJ33: عادی
A34: EV-00033 | B34: 85گ928-83 | D34: MVM X22 | E34: نقره‌ای | F34: اقتصادی | G34: 46281.274 | H34: 46281.336 | I34: =IF(H34="",ROUND((تنظیمات!$B$7-G34)*1440,0),ROUND((H34-G34)*1440,0)) -> 89 | J34: E2 | K34: X2 | L34: 0.901 | M34: 0.979 | N34: خیر | O34: OP-02 | P34: صبح | Q34: 46281 | R34: TK-260916-00033 | S34: تسویه‌شده | U34: 1 | V34: 1 | W34: 3.8 | X34: خیر | Y34: عادی | Z34: پوز | AA34: T-1002 | AB34: 067384428427 | AC34: 46281.335 | AD34: عادی | AF34: =IF(COUNTIF(لیست_سفید!$A$2:$A$21,B34)>0,"بله","خیر") -> خیر | AG34: =IF(H34="","",IF(AD34="فیش مفقودی",تنظیمات!$B$6,(INT(I34/1440)*تنظیمات!$B$5+IF(MOD(I34,1440)<=تنظیمات!$B$2,0,MIN(تنظیمات!$B$5,تنظیمات!$B$3+MAX(0,ROUNDUP((MOD(I34,1440)-60)/60,0))*تنظیمات!$B$4)))*INDEX(تعرفه!$B$2:$B$7,MATCH(AD34,تعرفه!$A$2:$A$7,0)))) -> 34000 | AH34: 34000 | AI34: =IF(AG34="","",AH34-AG34) -> 0 | AJ34: -1 | AK34: 0 | AL34: خیر | AN34: بله | AO34: بله | AP34: خیر | AR34: =IF(AND(T34<>"",H34<>""),IF(AND((T34-H34)*86400>=0,(T34-H34)*86400<تنظیمات!$B$13),1,0),0) -> 0 | AS34: =IF(Z34="پوز",IF(OR(AB34="",COUNTIF(پوزها!$A$2:$A$5,AA34)=0),1,0),0) -> 0 | AT34: =IF(AI34="",0,IF(AI34>0,1,0)) -> 0 | AU34: =IF(AI34="",0,IF(AI34<0,1,0)) -> 0 | AV34: =IF(U34>V34,1,0) -> 0 | AW34: =IF(OR(W34>تنظیمات!$B$8,X34="بله"),1,0) -> 0 | AX34: =IF(AND(N34="بله",L34>تنظیمات!$B$9),1,0) -> 0 | AY34: =IF(Y34="معکوس",1,0) -> 0 | AZ34: =IF(ABS(AJ34)>تنظیمات!$B$10,1,0) -> 0 | BA34: =IF(AND(OR(AD34="رایگان/VIP",AD34="جانباز"),AF34="خیر"),1,0) -> 0 | BB34: =IF(AE34="",0,IF(COUNTIF($AE$2:$AE$1001,AE34)>1,1,0)) -> 0 | BC34: =IF(AND(H34="",I34>تنظیمات!$B$12*60,AM34="خالی"),1,0) -> 0 | BD34: =IF(AND(AP34="بله",I34<تنظیمات!$B$14,AO34="خیر"),1,0) -> 0 | BE34: =IF(AN34="خیر",1,0) -> 0 | BF34: =IF(AND(AD34="فیش مفقودی",AQ34="بله",I34>تنظیمات!$B$12*60),1,0) -> 0 | BG34: =IF(AND(AK34>تنظیمات!$B$11,AL34="بله"),1,0) -> 0 | BH34: =MIN(100,AR34*تنظیمات!$B$21+AS34*تنظیمات!$B$22+AT34*تنظیمات!$B$23+AU34*تنظیمات!$B$24+AV34*تنظیمات!$B$25+AW34*تنظیمات!$B$26+AX34*تنظیمات!$B$27+AY34*تنظیمات!$B$28+AZ34*تنظیمات!$B$29+BA34*تنظیمات!$B$30+BB34*تنظیمات!$B$31+BC34*تنظیمات!$B$32+BD34*تنظیمات!$B$33+BE34*تنظیمات!$B$34+BF34*تنظیمات!$B$35+BG34*تنظیمات!$B$36) -> 0 | BI34: =IF(BH34>=60,"بحرانی",IF(BH34>=30,"مشکوک",IF(BH34>0,"هشدار","عادی"))) -> عادی | BJ34: عادی
A35: EV-00034 | B35: 31ا610-46 | D35: دنا پلاس | E35: مشکی | F35: اقتصادی | G35: 46281.295 | H35: 46281.361 | I35: =IF(H35="",ROUND((تنظیمات!$B$7-G35)*1440,0),ROUND((H35-G35)*1440,0)) -> 95 | J35: E1 | K35: X1 | L35: 0.995 | M35: 0.958 | N35: خیر | O35: OP-01 | P35: صبح | Q35: 46281 | R35: TK-260916-00034 | S35: تسویه‌شده | U35: 1 | V35: 1 | W35: 5 | X35: خیر | Y35: عادی | Z35: پوز | AA35: T-1001 | AB35: 079517453712 | AC35: 46281.36 | AD35: عادی | AF35: =IF(COUNTIF(لیست_سفید!$A$2:$A$21,B35)>0,"بله","خیر") -> خیر | AG35: =IF(H35="","",IF(AD35="فیش مفقودی",تنظیمات!$B$6,(INT(I35/1440)*تنظیمات!$B$5+IF(MOD(I35,1440)<=تنظیمات!$B$2,0,MIN(تنظیمات!$B$5,تنظیمات!$B$3+MAX(0,ROUNDUP((MOD(I35,1440)-60)/60,0))*تنظیمات!$B$4)))*INDEX(تعرفه!$B$2:$B$7,MATCH(AD35,تعرفه!$A$2:$A$7,0)))) -> 34000 | AH35: 34000 | AI35: =IF(AG35="","",AH35-AG35) -> 0 | AJ35: 0 | AK35: 0 | AL35: خیر | AN35: بله | AO35: بله | AP35: خیر | AR35: =IF(AND(T35<>"",H35<>""),IF(AND((T35-H35)*86400>=0,(T35-H35)*86400<تنظیمات!$B$13),1,0),0) -> 0 | AS35: =IF(Z35="پوز",IF(OR(AB35="",COUNTIF(پوزها!$A$2:$A$5,AA35)=0),1,0),0) -> 0 | AT35: =IF(AI35="",0,IF(AI35>0,1,0)) -> 0 | AU35: =IF(AI35="",0,IF(AI35<0,1,0)) -> 0 | AV35: =IF(U35>V35,1,0) -> 0 | AW35: =IF(OR(W35>تنظیمات!$B$8,X35="بله"),1,0) -> 0 | AX35: =IF(AND(N35="بله",L35>تنظیمات!$B$9),1,0) -> 0 | AY35: =IF(Y35="معکوس",1,0) -> 0 | AZ35: =IF(ABS(AJ35)>تنظیمات!$B$10,1,0) -> 0 | BA35: =IF(AND(OR(AD35="رایگان/VIP",AD35="جانباز"),AF35="خیر"),1,0) -> 0 | BB35: =IF(AE35="",0,IF(COUNTIF($AE$2:$AE$1001,AE35)>1,1,0)) -> 0 | BC35: =IF(AND(H35="",I35>تنظیمات!$B$12*60,AM35="خالی"),1,0) -> 0 | BD35: =IF(AND(AP35="بله",I35<تنظیمات!$B$14,AO35="خیر"),1,0) -> 0 | BE35: =IF(AN35="خیر",1,0) -> 0 | BF35: =IF(AND(AD35="فیش مفقودی",AQ35="بله",I35>تنظیمات!$B$12*60),1,0) -> 0 | BG35: =IF(AND(AK35>تنظیمات!$B$11,AL35="بله"),1,0) -> 0 | BH35: =MIN(100,AR35*تنظیمات!$B$21+AS35*تنظیمات!$B$22+AT35*تنظیمات!$B$23+AU35*تنظیمات!$B$24+AV35*تنظیمات!$B$25+AW35*تنظیمات!$B$26+AX35*تنظیمات!$B$27+AY35*تنظیمات!$B$28+AZ35*تنظیمات!$B$29+BA35*تنظیمات!$B$30+BB35*تنظیمات!$B$31+BC35*تنظیمات!$B$32+BD35*تنظیمات!$B$33+BE35*تنظیمات!$B$34+BF35*تنظیمات!$B$35+BG35*تنظیمات!$B$36) -> 0 | BI35: =IF(BH35>=60,"بحرانی",IF(BH35>=30,"مشکوک",IF(BH35>0,"هشدار","عادی"))) -> عادی | BJ35: عادی
A36: EV-00035 | B36: 64ت365-22 | D36: تیبا 2 | E36: مشکی | F36: اقتصادی | G36: 46281.306 | H36: 46281.544 | I36: =IF(H36="",ROUND((تنظیمات!$B$7-G36)*1440,0),ROUND((H36-G36)*1440,0)) -> 344 | J36: E2 | K36: X1 | L36: 0.985 | M36: 0.917 | N36: خیر | O36: OP-01 | P36: صبح | Q36: 46281 | R36: TK-260916-00035 | S36: تسویه‌شده | U36: 1 | V36: 1 | W36: 8.4 | X36: خیر | Y36: عادی | Z36: اشتراک | AD36: اشتراک ماهانه | AF36: =IF(COUNTIF(لیست_سفید!$A$2:$A$21,B36)>0,"بله","خیر") -> خیر | AG36: =IF(H36="","",IF(AD36="فیش مفقودی",تنظیمات!$B$6,(INT(I36/1440)*تنظیمات!$B$5+IF(MOD(I36,1440)<=تنظیمات!$B$2,0,MIN(تنظیمات!$B$5,تنظیمات!$B$3+MAX(0,ROUNDUP((MOD(I36,1440)-60)/60,0))*تنظیمات!$B$4)))*INDEX(تعرفه!$B$2:$B$7,MATCH(AD36,تعرفه!$A$2:$A$7,0)))) -> 0 | AH36: 0 | AI36: =IF(AG36="","",AH36-AG36) -> 0 | AJ36: 1 | AK36: 0 | AL36: خیر | AN36: بله | AO36: بله | AP36: خیر | AR36: =IF(AND(T36<>"",H36<>""),IF(AND((T36-H36)*86400>=0,(T36-H36)*86400<تنظیمات!$B$13),1,0),0) -> 0 | AS36: =IF(Z36="پوز",IF(OR(AB36="",COUNTIF(پوزها!$A$2:$A$5,AA36)=0),1,0),0) -> 0 | AT36: =IF(AI36="",0,IF(AI36>0,1,0)) -> 0 | AU36: =IF(AI36="",0,IF(AI36<0,1,0)) -> 0 | AV36: =IF(U36>V36,1,0) -> 0 | AW36: =IF(OR(W36>تنظیمات!$B$8,X36="بله"),1,0) -> 0 | AX36: =IF(AND(N36="بله",L36>تنظیمات!$B$9),1,0) -> 0 | AY36: =IF(Y36="معکوس",1,0) -> 0 | AZ36: =IF(ABS(AJ36)>تنظیمات!$B$10,1,0) -> 0 | BA36: =IF(AND(OR(AD36="رایگان/VIP",AD36="جانباز"),AF36="خیر"),1,0) -> 0 | BB36: =IF(AE36="",0,IF(COUNTIF($AE$2:$AE$1001,AE36)>1,1,0)) -> 0 | BC36: =IF(AND(H36="",I36>تنظیمات!$B$12*60,AM36="خالی"),1,0) -> 0 | BD36: =IF(AND(AP36="بله",I36<تنظیمات!$B$14,AO36="خیر"),1,0) -> 0 | BE36: =IF(AN36="خیر",1,0) -> 0 | BF36: =IF(AND(AD36="فیش مفقودی",AQ36="بله",I36>تنظیمات!$B$12*60),1,0) -> 0 | BG36: =IF(AND(AK36>تنظیمات!$B$11,AL36="بله"),1,0) -> 0 | BH36: =MIN(100,AR36*تنظیمات!$B$21+AS36*تنظیمات!$B$22+AT36*تنظیمات!$B$23+AU36*تنظیمات!$B$24+AV36*تنظیمات!$B$25+AW36*تنظیمات!$B$26+AX36*تنظیمات!$B$27+AY36*تنظیمات!$B$28+AZ36*تنظیمات!$B$29+BA36*تنظیمات!$B$30+BB36*تنظیمات!$B$31+BC36*تنظیمات!$B$32+BD36*تنظیمات!$B$33+BE36*تنظیمات!$B$34+BF36*تنظیمات!$B$35+BG36*تنظیمات!$B$36) -> 0 | BI36: =IF(BH36>=60,"بحرانی",IF(BH36>=30,"مشکوک",IF(BH36>0,"هشدار","عادی"))) -> عادی | BJ36: عادی
A37: EV-00036 | B37: 60ن581-68 | D37: تیبا 2 | E37: خاکستری | F37: اقتصادی | G37: 46281.313 | H37: 46281.384 | I37: =IF(H37="",ROUND((تنظیمات!$B$7-G37)*1440,0),ROUND((H37-G37)*1440,0)) -> 103 | J37: E2 | K37: X2 | L37: 0.995 | M37: 0.974 | N37: خیر | O37: OP-02 | P37: صبح | Q37: 46281 | R37: TK-260916-00036 | S37: تسویه‌شده | U37: 1 | V37: 1 | W37: 5 | X37: خیر | Y37: عادی | Z37: پوز | AA37: T-1002 | AB37: 534268158574 | AC37: 46281.384 | AD37: عادی | AF37: =IF(COUNTIF(لیست_سفید!$A$2:$A$21,B37)>0,"بله","خیر") -> خیر | AG37: =IF(H37="","",IF(AD37="فیش مفقودی",تنظیمات!$B$6,(INT(I37/1440)*تنظیمات!$B$5+IF(MOD(I37,1440)<=تنظیمات!$B$2,0,MIN(تنظیمات!$B$5,تنظیمات!$B$3+MAX(0,ROUNDUP((MOD(I37,1440)-60)/60,0))*تنظیمات!$B$4)))*INDEX(تعرفه!$B$2:$B$7,MATCH(AD37,تعرفه!$A$2:$A$7,0)))) -> 34000 | AH37: 34000 | AI37: =IF(AG37="","",AH37-AG37) -> 0 | AJ37: 0 | AK37: 0 | AL37: خیر | AN37: بله | AO37: بله | AP37: خیر | AR37: =IF(AND(T37<>"",H37<>""),IF(AND((T37-H37)*86400>=0,(T37-H37)*86400<تنظیمات!$B$13),1,0),0) -> 0 | AS37: =IF(Z37="پوز",IF(OR(AB37="",COUNTIF(پوزها!$A$2:$A$5,AA37)=0),1,0),0) -> 0 | AT37: =IF(AI37="",0,IF(AI37>0,1,0)) -> 0 | AU37: =IF(AI37="",0,IF(AI37<0,1,0)) -> 0 | AV37: =IF(U37>V37,1,0) -> 0 | AW37: =IF(OR(W37>تنظیمات!$B$8,X37="بله"),1,0) -> 0 | AX37: =IF(AND(N37="بله",L37>تنظیمات!$B$9),1,0) -> 0 | AY37: =IF(Y37="معکوس",1,0) -> 0 | AZ37: =IF(ABS(AJ37)>تنظیمات!$B$10,1,0) -> 0 | BA37: =IF(AND(OR(AD37="رایگان/VIP",AD37="جانباز"),AF37="خیر"),1,0) -> 0 | BB37: =IF(AE37="",0,IF(COUNTIF($AE$2:$AE$1001,AE37)>1,1,0)) -> 0 | BC37: =IF(AND(H37="",I37>تنظیمات!$B$12*60,AM37="خالی"),1,0) -> 0 | BD37: =IF(AND(AP37="بله",I37<تنظیمات!$B$14,AO37="خیر"),1,0) -> 0 | BE37: =IF(AN37="خیر",1,0) -> 0 | BF37: =IF(AND(AD37="فیش مفقودی",AQ37="بله",I37>تنظیمات!$B$12*60),1,0) -> 0 | BG37: =IF(AND(AK37>تنظیمات!$B$11,AL37="بله"),1,0) -> 0 | BH37: =MIN(100,AR37*تنظیمات!$B$21+AS37*تنظیمات!$B$22+AT37*تنظیمات!$B$23+AU37*تنظیمات!$B$24+AV37*تنظیمات!$B$25+AW37*تنظیمات!$B$26+AX37*تنظیمات!$B$27+AY37*تنظیمات!$B$28+AZ37*تنظیمات!$B$29+BA37*تنظیمات!$B$30+BB37*تنظیمات!$B$31+BC37*تنظیمات!$B$32+BD37*تنظیمات!$B$33+BE37*تنظیمات!$B$34+BF37*تنظیمات!$B$35+BG37*تنظیمات!$B$36) -> 0 | BI37: =IF(BH37>=60,"بحرانی",IF(BH37>=30,"مشکوک",IF(BH37>0,"هشدار","عادی"))) -> عادی | BJ37: عادی
A38: EV-00037 | B38: 52م793-63 | D38: هیوندای النترا | E38: خاکستری | F38: اقتصادی | G38: 46281.317 | H38: 46281.382 | I38: =IF(H38="",ROUND((تنظیمات!$B$7-G38)*1440,0),ROUND((H38-G38)*1440,0)) -> 94 | J38: E2 | K38: X1 | L38: 0.88 | M38: 0.971 | N38: خیر | O38: OP-01 | P38: صبح | Q38: 46281 | R38: TK-260916-00037 | S38: تسویه‌شده | U38: 1 | V38: 1 | W38: 3.8 | X38: خیر | Y38: عادی | Z38: پوز | AA38: T-1001 | AB38: 127878269014 | AC38: 46281.381 | AD38: عادی | AF38: =IF(COUNTIF(لیست_سفید!$A$2:$A$21,B38)>0,"بله","خیر") -> خیر | AG38: =IF(H38="","",IF(AD38="فیش مفقودی",تنظیمات!$B$6,(INT(I38/1440)*تنظیمات!$B$5+IF(MOD(I38,1440)<=تنظیمات!$B$2,0,MIN(تنظیمات!$B$5,تنظیمات!$B$3+MAX(0,ROUNDUP((MOD(I38,1440)-60)/60,0))*تنظیمات!$B$4)))*INDEX(تعرفه!$B$2:$B$7,MATCH(AD38,تعرفه!$A$2:$A$7,0)))) -> 34000 | AH38: 34000 | AI38: =IF(AG38="","",AH38-AG38) -> 0 | AJ38: -1 | AK38: 0 | AL38: خیر | AN38: بله | AO38: بله | AP38: خیر | AR38: =IF(AND(T38<>"",H38<>""),IF(AND((T38-H38)*86400>=0,(T38-H38)*86400<تنظیمات!$B$13),1,0),0) -> 0 | AS38: =IF(Z38="پوز",IF(OR(AB38="",COUNTIF(پوزها!$A$2:$A$5,AA38)=0),1,0),0) -> 0 | AT38: =IF(AI38="",0,IF(AI38>0,1,0)) -> 0 | AU38: =IF(AI38="",0,IF(AI38<0,1,0)) -> 0 | AV38: =IF(U38>V38,1,0) -> 0 | AW38: =IF(OR(W38>تنظیمات!$B$8,X38="بله"),1,0) -> 0 | AX38: =IF(AND(N38="بله",L38>تنظیمات!$B$9),1,0) -> 0 | AY38: =IF(Y38="معکوس",1,0) -> 0 | AZ38: =IF(ABS(AJ38)>تنظیمات!$B$10,1,0) -> 0 | BA38: =IF(AND(OR(AD38="رایگان/VIP",AD38="جانباز"),AF38="خیر"),1,0) -> 0 | BB38: =IF(AE38="",0,IF(COUNTIF($AE$2:$AE$1001,AE38)>1,1,0)) -> 0 | BC38: =IF(AND(H38="",I38>تنظیمات!$B$12*60,AM38="خالی"),1,0) -> 0 | BD38: =IF(AND(AP38="بله",I38<تنظیمات!$B$14,AO38="خیر"),1,0) -> 0 | BE38: =IF(AN38="خیر",1,0) -> 0 | BF38: =IF(AND(AD38="فیش مفقودی",AQ38="بله",I38>تنظیمات!$B$12*60),1,0) -> 0 | BG38: =IF(AND(AK38>تنظیمات!$B$11,AL38="بله"),1,0) -> 0 | BH38: =MIN(100,AR38*تنظیمات!$B$21+AS38*تنظیمات!$B$22+AT38*تنظیمات!$B$23+AU38*تنظیمات!$B$24+AV38*تنظیمات!$B$25+AW38*تنظیمات!$B$26+AX38*تنظیمات!$B$27+AY38*تنظیمات!$B$28+AZ38*تنظیمات!$B$29+BA38*تنظیمات!$B$30+BB38*تنظیمات!$B$31+BC38*تنظیمات!$B$32+BD38*تنظیمات!$B$33+BE38*تنظیمات!$B$34+BF38*تنظیمات!$B$35+BG38*تنظیمات!$B$36) -> 0 | BI38: =IF(BH38>=60,"بحرانی",IF(BH38>=30,"مشکوک",IF(BH38>0,"هشدار","عادی"))) -> عادی | BJ38: عادی
A39: EV-00038 | B39: 60ب917-91 | D39: هیوندای النترا | E39: مشکی | F39: اقتصادی | G39: 46281.317 | H39: 46281.353 | I39: =IF(H39="",ROUND((تنظیمات!$B$7-G39)*1440,0),ROUND((H39-G39)*1440,0)) -> 51 | J39: E2 | K39: X2 | L39: 0.962 | M39: 0.995 | N39: خیر | O39: OP-02 | P39: صبح | Q39: 46281 | R39: TK-260916-00038 | S39: تسویه‌شده | U39: 1 | V39: 1 | W39: 5.7 | X39: خیر | Y39: عادی | Z39: نقد | AD39: عادی | AF39: =IF(COUNTIF(لیست_سفید!$A$2:$A$21,B39)>0,"بله","خیر") -> خیر | AG39: =IF(H39="","",IF(AD39="فیش مفقودی",تنظیمات!$B$6,(INT(I39/1440)*تنظیمات!$B$5+IF(MOD(I39,1440)<=تنظیمات!$B$2,0,MIN(تنظیمات!$B$5,تنظیمات!$B$3+MAX(0,ROUNDUP((MOD(I39,1440)-60)/60,0))*تنظیمات!$B$4)))*INDEX(تعرفه!$B$2:$B$7,MATCH(AD39,تعرفه!$A$2:$A$7,0)))) -> 20000 | AH39: 20000 | AI39: =IF(AG39="","",AH39-AG39) -> 0 | AJ39: 1 | AK39: 0 | AL39: خیر | AN39: بله | AO39: بله | AP39: خیر | AR39: =IF(AND(T39<>"",H39<>""),IF(AND((T39-H39)*86400>=0,(T39-H39)*86400<تنظیمات!$B$13),1,0),0) -> 0 | AS39: =IF(Z39="پوز",IF(OR(AB39="",COUNTIF(پوزها!$A$2:$A$5,AA39)=0),1,0),0) -> 0 | AT39: =IF(AI39="",0,IF(AI39>0,1,0)) -> 0 | AU39: =IF(AI39="",0,IF(AI39<0,1,0)) -> 0 | AV39: =IF(U39>V39,1,0) -> 0 | AW39: =IF(OR(W39>تنظیمات!$B$8,X39="بله"),1,0) -> 0 | AX39: =IF(AND(N39="بله",L39>تنظیمات!$B$9),1,0) -> 0 | AY39: =IF(Y39="معکوس",1,0) -> 0 | AZ39: =IF(ABS(AJ39)>تنظیمات!$B$10,1,0) -> 0 | BA39: =IF(AND(OR(AD39="رایگان/VIP",AD39="جانباز"),AF39="خیر"),1,0) -> 0 | BB39: =IF(AE39="",0,IF(COUNTIF($AE$2:$AE$1001,AE39)>1,1,0)) -> 0 | BC39: =IF(AND(H39="",I39>تنظیمات!$B$12*60,AM39="خالی"),1,0) -> 0 | BD39: =IF(AND(AP39="بله",I39<تنظیمات!$B$14,AO39="خیر"),1,0) -> 0 | BE39: =IF(AN39="خیر",1,0) -> 0 | BF39: =IF(AND(AD39="فیش مفقودی",AQ39="بله",I39>تنظیمات!$B$12*60),1,0) -> 0 | BG39: =IF(AND(AK39>تنظیمات!$B$11,AL39="بله"),1,0) -> 0 | BH39: =MIN(100,AR39*تنظیمات!$B$21+AS39*تنظیمات!$B$22+AT39*تنظیمات!$B$23+AU39*تنظیمات!$B$24+AV39*تنظیمات!$B$25+AW39*تنظیمات!$B$26+AX39*تنظیمات!$B$27+AY39*تنظیمات!$B$28+AZ39*تنظیمات!$B$29+BA39*تنظیمات!$B$30+BB39*تنظیمات!$B$31+BC39*تنظیمات!$B$32+BD39*تنظیمات!$B$33+BE39*تنظیمات!$B$34+BF39*تنظیمات!$B$35+BG39*تنظیمات!$B$36) -> 0 | BI39: =IF(BH39>=60,"بحرانی",IF(BH39>=30,"مشکوک",IF(BH39>0,"هشدار","عادی"))) -> عادی | BJ39: عادی
A40: EV-00039 | B40: 22ج293-77 | D40: پراید 131 | E40: خاکستری | F40: اقتصادی | G40: 46281.319 | H40: 46281.503 | I40: =IF(H40="",ROUND((تنظیمات!$B$7-G40)*1440,0),ROUND((H40-G40)*1440,0)) -> 265 | J40: E1 | K40: X1 | L40: 0.88 | M40: 0.884 | N40: خیر | O40: OP-01 | P40: صبح | Q40: 46281 | R40: TK-260916-00039 | S40: تسویه‌شده | U40: 1 | V40: 1 | W40: 4.3 | X40: خیر | Y40: عادی | Z40: اشتراک | AD40: اشتراک ماهانه | AF40: =IF(COUNTIF(لیست_سفید!$A$2:$A$21,B40)>0,"بله","خیر") -> خیر | AG40: =IF(H40="","",IF(AD40="فیش مفقودی",تنظیمات!$B$6,(INT(I40/1440)*تنظیمات!$B$5+IF(MOD(I40,1440)<=تنظیمات!$B$2,0,MIN(تنظیمات!$B$5,تنظیمات!$B$3+MAX(0,ROUNDUP((MOD(I40,1440)-60)/60,0))*تنظیمات!$B$4)))*INDEX(تعرفه!$B$2:$B$7,MATCH(AD40,تعرفه!$A$2:$A$7,0)))) -> 0 | AH40: 0 | AI40: =IF(AG40="","",AH40-AG40) -> 0 | AJ40: 3 | AK40: 0 | AL40: خیر | AN40: بله | AO40: بله | AP40: خیر | AR40: =IF(AND(T40<>"",H40<>""),IF(AND((T40-H40)*86400>=0,(T40-H40)*86400<تنظیمات!$B$13),1,0),0) -> 0 | AS40: =IF(Z40="پوز",IF(OR(AB40="",COUNTIF(پوزها!$A$2:$A$5,AA40)=0),1,0),0) -> 0 | AT40: =IF(AI40="",0,IF(AI40>0,1,0)) -> 0 | AU40: =IF(AI40="",0,IF(AI40<0,1,0)) -> 0 | AV40: =IF(U40>V40,1,0) -> 0 | AW40: =IF(OR(W40>تنظیمات!$B$8,X40="بله"),1,0) -> 0 | AX40: =IF(AND(N40="بله",L40>تنظیمات!$B$9),1,0) -> 0 | AY40: =IF(Y40="معکوس",1,0) -> 0 | AZ40: =IF(ABS(AJ40)>تنظیمات!$B$10,1,0) -> 0 | BA40: =IF(AND(OR(AD40="رایگان/VIP",AD40="جانباز"),AF40="خیر"),1,0) -> 0 | BB40: =IF(AE40="",0,IF(COUNTIF($AE$2:$AE$1001,AE40)>1,1,0)) -> 0 | BC40: =IF(AND(H40="",I40>تنظیمات!$B$12*60,AM40="خالی"),1,0) -> 0 | BD40: =IF(AND(AP40="بله",I40<تنظیمات!$B$14,AO40="خیر"),1,0) -> 0 | BE40: =IF(AN40="خیر",1,0) -> 0 | BF40: =IF(AND(AD40="فیش مفقودی",AQ40="بله",I40>تنظیمات!$B$12*60),1,0) -> 0 | BG40: =IF(AND(AK40>تنظیمات!$B$11,AL40="بله"),1,0) -> 0 | BH40: =MIN(100,AR40*تنظیمات!$B$21+AS40*تنظیمات!$B$22+AT40*تنظیمات!$B$23+AU40*تنظیمات!$B$24+AV40*تنظیمات!$B$25+AW40*تنظیمات!$B$26+AX40*تنظیمات!$B$27+AY40*تنظیمات!$B$28+AZ40*تنظیمات!$B$29+BA40*تنظیمات!$B$30+BB40*تنظیمات!$B$31+BC40*تنظیمات!$B$32+BD40*تنظیمات!$B$33+BE40*تنظیمات!$B$34+BF40*تنظیمات!$B$35+BG40*تنظیمات!$B$36) -> 0 | BI40: =IF(BH40>=60,"بحرانی",IF(BH40>=30,"مشکوک",IF(BH40>0,"هشدار","عادی"))) -> عادی | BJ40: عادی
A41: EV-00040 | B41: 47ث155-13 | D41: پژو 206 | E41: سفید | F41: اقتصادی | G41: 46281.322 | H41: 46281.423 | I41: =IF(H41="",ROUND((تنظیمات!$B$7-G41)*1440,0),ROUND((H41-G41)*1440,0)) -> 145 | J41: E2 | K41: X1 | L41: 0.923 | M41: 0.933 | N41: خیر | O41: OP-01 | P41: صبح | Q41: 46281 | R41: TK-260916-00040 | S41: تسویه‌شده | U41: 1 | V41: 1 | W41: 6.3 | X41: خیر | Y41: عادی | Z41: پوز | AA41: T-1001 | AB41: 142511943279 | AC41: 46281.422 | AD41: عادی | AF41: =IF(COUNTIF(لیست_سفید!$A$2:$A$21,B41)>0,"بله","خیر") -> خیر | AG41: =IF(H41="","",IF(AD41="فیش مفقودی",تنظیمات!$B$6,(INT(I41/1440)*تنظیمات!$B$5+IF(MOD(I41,1440)<=تنظیمات!$B$2,0,MIN(تنظیمات!$B$5,تنظیمات!$B$3+MAX(0,ROUNDUP((MOD(I41,1440)-60)/60,0))*تنظیمات!$B$4)))*INDEX(تعرفه!$B$2:$B$7,MATCH(AD41,تعرفه!$A$2:$A$7,0)))) -> 48000 | AH41: 48000 | AI41: =IF(AG41="","",AH41-AG41) -> 0 | AJ41: 2 | AK41: 0 | AL41: خیر | AN41: بله | AO41: بله | AP41: خیر | AR41: =IF(AND(T41<>"",H41<>""),IF(AND((T41-H41)*86400>=0,(T41-H41)*86400<تنظیمات!$B$13),1,0),0) -> 0 | AS41: =IF(Z41="پوز",IF(OR(AB41="",COUNTIF(پوزها!$A$2:$A$5,AA41)=0),1,0),0) -> 0 | AT41: =IF(AI41="",0,IF(AI41>0,1,0)) -> 0 | AU41: =IF(AI41="",0,IF(AI41<0,1,0)) -> 0 | AV41: =IF(U41>V41,1,0) -> 0 | AW41: =IF(OR(W41>تنظیمات!$B$8,X41="بله"),1,0) -> 0 | AX41: =IF(AND(N41="بله",L41>تنظیمات!$B$9),1,0) -> 0 | AY41: =IF(Y41="معکوس",1,0) -> 0 | AZ41: =IF(ABS(AJ41)>تنظیمات!$B$10,1,0) -> 0 | BA41: =IF(AND(OR(AD41="رایگان/VIP",AD41="جانباز"),AF41="خیر"),1,0) -> 0 | BB41: =IF(AE41="",0,IF(COUNTIF($AE$2:$AE$1001,AE41)>1,1,0)) -> 0 | BC41: =IF(AND(H41="",I41>تنظیمات!$B$12*60,AM41="خالی"),1,0) -> 0 | BD41: =IF(AND(AP41="بله",I41<تنظیمات!$B$14,AO41="خیر"),1,0) -> 0 | BE41: =IF(AN41="خیر",1,0) -> 0 | BF41: =IF(AND(AD41="فیش مفقودی",AQ41="بله",I41>تنظیمات!$B$12*60),1,0) -> 0 | BG41: =IF(AND(AK41>تنظیمات!$B$11,AL41="بله"),1,0) -> 0 | BH41: =MIN(100,AR41*تنظیمات!$B$21+AS41*تنظیمات!$B$22+AT41*تنظیمات!$B$23+AU41*تنظیمات!$B$24+AV41*تنظیمات!$B$25+AW41*تنظیمات!$B$26+AX41*تنظیمات!$B$27+AY41*تنظیمات!$B$28+AZ41*تنظیمات!$B$29+BA41*تنظیمات!$B$30+BB41*تنظیمات!$B$31+BC41*تنظیمات!$B$32+BD41*تنظیمات!$B$33+BE41*تنظیمات!$B$34+BF41*تنظیمات!$B$35+BG41*تنظیمات!$B$36) -> 0 | BI41: =IF(BH41>=60,"بحرانی",IF(BH41>=30,"مشکوک",IF(BH41>0,"هشدار","عادی"))) -> عادی | BJ41: عادی
A42: EV-00041 | B42: 85گ928-83 | D42: MVM X22 | E42: نقره‌ای | F42: اقتصادی | G42: 46281.325 | H42: 46281.357 | I42: =IF(H42="",ROUND((تنظیمات!$B$7-G42)*1440,0),ROUND((H42-G42)*1440,0)) -> 46 | J42: E1 | K42: X1 | L42: 0.995 | M42: 0.868 | N42: خیر | O42: OP-01 | P42: صبح | Q42: 46281 | R42: TK-260916-00041 | S42: تسویه‌شده | U42: 3 | V42: 1 | W42: 11.3 | X42: خیر | Y42: عادی | Z42: نقد | AD42: عادی | AF42: =IF(COUNTIF(لیست_سفید!$A$2:$A$21,B42)>0,"بله","خیر") -> خیر | AG42: =IF(H42="","",IF(AD42="فیش مفقودی",تنظیمات!$B$6,(INT(I42/1440)*تنظیمات!$B$5+IF(MOD(I42,1440)<=تنظیمات!$B$2,0,MIN(تنظیمات!$B$5,تنظیمات!$B$3+MAX(0,ROUNDUP((MOD(I42,1440)-60)/60,0))*تنظیمات!$B$4)))*INDEX(تعرفه!$B$2:$B$7,MATCH(AD42,تعرفه!$A$2:$A$7,0)))) -> 20000 | AH42: 20000 | AI42: =IF(AG42="","",AH42-AG42) -> 0 | AJ42: 0 | AK42: 0 | AL42: خیر | AN42: بله | AO42: بله | AP42: خیر | AR42: =IF(AND(T42<>"",H42<>""),IF(AND((T42-H42)*86400>=0,(T42-H42)*86400<تنظیمات!$B$13),1,0),0) -> 0 | AS42: =IF(Z42="پوز",IF(OR(AB42="",COUNTIF(پوزها!$A$2:$A$5,AA42)=0),1,0),0) -> 0 | AT42: =IF(AI42="",0,IF(AI42>0,1,0)) -> 0 | AU42: =IF(AI42="",0,IF(AI42<0,1,0)) -> 0 | AV42: =IF(U42>V42,1,0) -> 1 | AW42: =IF(OR(W42>تنظیمات!$B$8,X42="بله"),1,0) -> 0 | AX42: =IF(AND(N42="بله",L42>تنظیمات!$B$9),1,0) -> 0 | AY42: =IF(Y42="معکوس",1,0) -> 0 | AZ42: =IF(ABS(AJ42)>تنظیمات!$B$10,1,0) -> 0 | BA42: =IF(AND(OR(AD42="رایگان/VIP",AD42="جانباز"),AF42="خیر"),1,0) -> 0 | BB42: =IF(AE42="",0,IF(COUNTIF($AE$2:$AE$1001,AE42)>1,1,0)) -> 0 | BC42: =IF(AND(H42="",I42>تنظیمات!$B$12*60,AM42="خالی"),1,0) -> 0 | BD42: =IF(AND(AP42="بله",I42<تنظیمات!$B$14,AO42="خیر"),1,0) -> 0 | BE42: =IF(AN42="خیر",1,0) -> 0 | BF42: =IF(AND(AD42="فیش مفقودی",AQ42="بله",I42>تنظیمات!$B$12*60),1,0) -> 0 | BG42: =IF(AND(AK42>تنظیمات!$B$11,AL42="بله"),1,0) -> 0 | BH42: =MIN(100,AR42*تنظیمات!$B$21+AS42*تنظیمات!$B$22+AT42*تنظیمات!$B$23+AU42*تنظیمات!$B$24+AV42*تنظیمات!$B$25+AW42*تنظیمات!$B$26+AX42*تنظیمات!$B$27+AY42*تنظیمات!$B$28+AZ42*تنظیمات!$B$29+BA42*تنظیمات!$B$30+BB42*تنظیمات!$B$31+BC42*تنظیمات!$B$32+BD42*تنظیمات!$B$33+BE42*تنظیمات!$B$34+BF42*تنظیمات!$B$35+BG42*تنظیمات!$B$36) -> 30 | BI42: =IF(BH42>=60,"بحرانی",IF(BH42>=30,"مشکوک",IF(BH42>0,"هشدار","عادی"))) -> مشکوک | BJ42: قطار ماشین (Tailgating)
A43: EV-00042 | B43: 22پ891-24 | D43: پراید 131 | E43: مشکی | F43: اقتصادی | G43: 46281.33 | H43: 46281.391 | I43: =IF(H43="",ROUND((تنظیمات!$B$7-G43)*1440,0),ROUND((H43-G43)*1440,0)) -> 88 | J43: E1 | K43: X1 | L43: 0.89 | M43: 0.942 | N43: خیر | O43: OP-01 | P43: صبح | Q43: 46281 | R43: TK-260916-00042 | S43: تسویه‌شده | U43: 1 | V43: 1 | W43: 5.6 | X43: خیر | Y43: عادی | Z43: پوز | AA43: T-1001 | AB43: 481916445878 | AC43: 46281.39 | AD43: عادی | AF43: =IF(COUNTIF(لیست_سفید!$A$2:$A$21,B43)>0,"بله","خیر") -> خیر | AG43: =IF(H43="","",IF(AD43="فیش مفقودی",تنظیمات!$B$6,(INT(I43/1440)*تنظیمات!$B$5+IF(MOD(I43,1440)<=تنظیمات!$B$2,0,MIN(تنظیمات!$B$5,تنظیمات!$B$3+MAX(0,ROUNDUP((MOD(I43,1440)-60)/60,0))*تنظیمات!$B$4)))*INDEX(تعرفه!$B$2:$B$7,MATCH(AD43,تعرفه!$A$2:$A$7,0)))) -> 34000 | AH43: 34000 | AI43: =IF(AG43="","",AH43-AG43) -> 0 | AJ43: -1 | AK43: 75 | AL43: خیر | AN43: بله | AO43: بله | AP43: خیر | AR43: =IF(AND(T43<>"",H43<>""),IF(AND((T43-H43)*86400>=0,(T43-H43)*86400<تنظیمات!$B$13),1,0),0) -> 0 | AS43: =IF(Z43="پوز",IF(OR(AB43="",COUNTIF(پوزها!$A$2:$A$5,AA43)=0),1,0),0) -> 0 | AT43: =IF(AI43="",0,IF(AI43>0,1,0)) -> 0 | AU43: =IF(AI43="",0,IF(AI43<0,1,0)) -> 0 | AV43: =IF(U43>V43,1,0) -> 0 | AW43: =IF(OR(W43>تنظیمات!$B$8,X43="بله"),1,0) -> 0 | AX43: =IF(AND(N43="بله",L43>تنظیمات!$B$9),1,0) -> 0 | AY43: =IF(Y43="معکوس",1,0) -> 0 | AZ43: =IF(ABS(AJ43)>تنظیمات!$B$10,1,0) -> 0 | BA43: =IF(AND(OR(AD43="رایگان/VIP",AD43="جانباز"),AF43="خیر"),1,0) -> 0 | BB43: =IF(AE43="",0,IF(COUNTIF($AE$2:$AE$1001,AE43)>1,1,0)) -> 0 | BC43: =IF(AND(H43="",I43>تنظیمات!$B$12*60,AM43="خالی"),1,0) -> 0 | BD43: =IF(AND(AP43="بله",I43<تنظیمات!$B$14,AO43="خیر"),1,0) -> 0 | BE43: =IF(AN43="خیر",1,0) -> 0 | BF43: =IF(AND(AD43="فیش مفقودی",AQ43="بله",I43>تنظیمات!$B$12*60),1,0) -> 0 | BG43: =IF(AND(AK43>تنظیمات!$B$11,AL43="بله"),1,0) -> 0 | BH43: =MIN(100,AR43*تنظیمات!$B$21+AS43*تنظیمات!$B$22+AT43*تنظیمات!$B$23+AU43*تنظیمات!$B$24+AV43*تنظیمات!$B$25+AW43*تنظیمات!$B$26+AX43*تنظیمات!$B$27+AY43*تنظیمات!$B$28+AZ43*تنظیمات!$B$29+BA43*تنظیمات!$B$30+BB43*تنظیمات!$B$31+BC43*تنظیمات!$B$32+BD43*تنظیمات!$B$33+BE43*تنظیمات!$B$34+BF43*تنظیمات!$B$35+BG43*تنظیمات!$B$36) -> 0 | BI43: =IF(BH43>=60,"بحرانی",IF(BH43>=30,"مشکوک",IF(BH43>0,"هشدار","عادی"))) -> عادی | BJ43: عادی
A44: EV-00043 | B44: 80س519-44 | D44: سمند LX | E44: مشکی | F44: اقتصادی | G44: 46281.333 | H44: 46281.505 | I44: =IF(H44="",ROUND((تنظیمات!$B$7-G44)*1440,0),ROUND((H44-G44)*1440,0)) -> 247 | J44: E2 | K44: X2 | L44: 0.937 | M44: 0.983 | N44: خیر | O44: OP-02 | P44: صبح | Q44: 46281 | R44: TK-260916-00043 | S44: تسویه‌شده | U44: 1 | V44: 1 | W44: 6.1 | X44: خیر | Y44: عادی | Z44: اشتراک | AD44: اشتراک ماهانه | AF44: =IF(COUNTIF(لیست_سفید!$A$2:$A$21,B44)>0,"بله","خیر") -> خیر | AG44: =IF(H44="","",IF(AD44="فیش مفقودی",تنظیمات!$B$6,(INT(I44/1440)*تنظیمات!$B$5+IF(MOD(I44,1440)<=تنظیمات!$B$2,0,MIN(تنظیمات!$B$5,تنظیمات!$B$3+MAX(0,ROUNDUP((MOD(I44,1440)-60)/60,0))*تنظیمات!$B$4)))*INDEX(تعرفه!$B$2:$B$7,MATCH(AD44,تعرفه!$A$2:$A$7,0)))) -> 0 | AH44: 0 | AI44: =IF(AG44="","",AH44-AG44) -> 0 | AJ44: 0 | AK44: 0 | AL44: خیر | AN44: بله | AO44: بله | AP44: خیر | AR44: =IF(AND(T44<>"",H44<>""),IF(AND((T44-H44)*86400>=0,(T44-H44)*86400<تنظیمات!$B$13),1,0),0) -> 0 | AS44: =IF(Z44="پوز",IF(OR(AB44="",COUNTIF(پوزها!$A$2:$A$5,AA44)=0),1,0),0) -> 0 | AT44: =IF(AI44="",0,IF(AI44>0,1,0)) -> 0 | AU44: =IF(AI44="",0,IF(AI44<0,1,0)) -> 0 | AV44: =IF(U44>V44,1,0) -> 0 | AW44: =IF(OR(W44>تنظیمات!$B$8,X44="بله"),1,0) -> 0 | AX44: =IF(AND(N44="بله",L44>تنظیمات!$B$9),1,0) -> 0 | AY44: =IF(Y44="معکوس",1,0) -> 0 | AZ44: =IF(ABS(AJ44)>تنظیمات!$B$10,1,0) -> 0 | BA44: =IF(AND(OR(AD44="رایگان/VIP",AD44="جانباز"),AF44="خیر"),1,0) -> 0 | BB44: =IF(AE44="",0,IF(COUNTIF($AE$2:$AE$1001,AE44)>1,1,0)) -> 0 | BC44: =IF(AND(H44="",I44>تنظیمات!$B$12*60,AM44="خالی"),1,0) -> 0 | BD44: =IF(AND(AP44="بله",I44<تنظیمات!$B$14,AO44="خیر"),1,0) -> 0 | BE44: =IF(AN44="خیر",1,0) -> 0 | BF44: =IF(AND(AD44="فیش مفقودی",AQ44="بله",I44>تنظیمات!$B$12*60),1,0) -> 0 | BG44: =IF(AND(AK44>تنظیمات!$B$11,AL44="بله"),1,0) -> 0 | BH44: =MIN(100,AR44*تنظیمات!$B$21+AS44*تنظیمات!$B$22+AT44*تنظیمات!$B$23+AU44*تنظیمات!$B$24+AV44*تنظیمات!$B$25+AW44*تنظیمات!$B$26+AX44*تنظیمات!$B$27+AY44*تنظیمات!$B$28+AZ44*تنظیمات!$B$29+BA44*تنظیمات!$B$30+BB44*تنظیمات!$B$31+BC44*تنظیمات!$B$32+BD44*تنظیمات!$B$33+BE44*تنظیمات!$B$34+BF44*تنظیمات!$B$35+BG44*تنظیمات!$B$36) -> 0 | BI44: =IF(BH44>=60,"بحرانی",IF(BH44>=30,"مشکوک",IF(BH44>0,"هشدار","عادی"))) -> عادی | BJ44: عادی
A45: EV-00044 | B45: 61ل689-21 | D45: هیوندای النترا | E45: سفید | F45: اقتصادی | G45: 46281.335 | H45: 46281.39 | I45: =IF(H45="",ROUND((تنظیمات!$B$7-G45)*1440,0),ROUND((H45-G45)*1440,0)) -> 79 | J45: E1 | K45: X1 | L45: 0.898 | M45: 0.984 | N45: خیر | O45: OP-01 | P45: صبح | Q45: 46281 | R45: TK-260916-00044 | S45: تسویه‌شده | U45: 1 | V45: 1 | W45: 6.2 | X45: خیر | Y45: عادی | Z45: پوز | AA45: T-1001 | AB45: 957635436086 | AC45: 46281.389 | AD45: عادی | AF45: =IF(COUNTIF(لیست_سفید!$A$2:$A$21,B45)>0,"بله","خیر") -> خیر | AG45: =IF(H45="","",IF(AD45="فیش مفقودی",تنظیمات!$B$6,(INT(I45/1440)*تنظیمات!$B$5+IF(MOD(I45,1440)<=تنظیمات!$B$2,0,MIN(تنظیمات!$B$5,تنظیمات!$B$3+MAX(0,ROUNDUP((MOD(I45,1440)-60)/60,0))*تنظیمات!$B$4)))*INDEX(تعرفه!$B$2:$B$7,MATCH(AD45,تعرفه!$A$2:$A$7,0)))) -> 34000 | AH45: 34000 | AI45: =IF(AG45="","",AH45-AG45) -> 0 | AJ45: 0 | AK45: 0 | AL45: خیر | AN45: بله | AO45: بله | AP45: خیر | AR45: =IF(AND(T45<>"",H45<>""),IF(AND((T45-H45)*86400>=0,(T45-H45)*86400<تنظیمات!$B$13),1,0),0) -> 0 | AS45: =IF(Z45="پوز",IF(OR(AB45="",COUNTIF(پوزها!$A$2:$A$5,AA45)=0),1,0),0) -> 0 | AT45: =IF(AI45="",0,IF(AI45>0,1,0)) -> 0 | AU45: =IF(AI45="",0,IF(AI45<0,1,0)) -> 0 | AV45: =IF(U45>V45,1,0) -> 0 | AW45: =IF(OR(W45>تنظیمات!$B$8,X45="بله"),1,0) -> 0 | AX45: =IF(AND(N45="بله",L45>تنظیمات!$B$9),1,0) -> 0 | AY45: =IF(Y45="معکوس",1,0) -> 0 | AZ45: =IF(ABS(AJ45)>تنظیمات!$B$10,1,0) -> 0 | BA45: =IF(AND(OR(AD45="رایگان/VIP",AD45="جانباز"),AF45="خیر"),1,0) -> 0 | BB45: =IF(AE45="",0,IF(COUNTIF($AE$2:$AE$1001,AE45)>1,1,0)) -> 0 | BC45: =IF(AND(H45="",I45>تنظیمات!$B$12*60,AM45="خالی"),1,0) -> 0 | BD45: =IF(AND(AP45="بله",I45<تنظیمات!$B$14,AO45="خیر"),1,0) -> 0 | BE45: =IF(AN45="خیر",1,0) -> 0 | BF45: =IF(AND(AD45="فیش مفقودی",AQ45="بله",I45>تنظیمات!$B$12*60),1,0) -> 0 | BG45: =IF(AND(AK45>تنظیمات!$B$11,AL45="بله"),1,0) -> 0 | BH45: =MIN(100,AR45*تنظیمات!$B$21+AS45*تنظیمات!$B$22+AT45*تنظیمات!$B$23+AU45*تنظیمات!$B$24+AV45*تنظیمات!$B$25+AW45*تنظیمات!$B$26+AX45*تنظیمات!$B$27+AY45*تنظیمات!$B$28+AZ45*تنظیمات!$B$29+BA45*تنظیمات!$B$30+BB45*تنظیمات!$B$31+BC45*تنظیمات!$B$32+BD45*تنظیمات!$B$33+BE45*تنظیمات!$B$34+BF45*تنظیمات!$B$35+BG45*تنظیمات!$B$36) -> 0 | BI45: =IF(BH45>=60,"بحرانی",IF(BH45>=30,"مشکوک",IF(BH45>0,"هشدار","عادی"))) -> عادی | BJ45: عادی
A46: EV-00045 | B46: 33ت491-98 | D46: کوییک R | E46: خاکستری | F46: اقتصادی | G46: 46281.349 | H46: 46281.535 | I46: =IF(H46="",ROUND((تنظیمات!$B$7-G46)*1440,0),ROUND((H46-G46)*1440,0)) -> 267 | J46: E2 | K46: X1 | L46: 0.952 | M46: 0.942 | N46: خیر | O46: OP-01 | P46: صبح | Q46: 46281 | R46: TK-260916-00045 | S46: تسویه‌شده | U46: 1 | V46: 1 | W46: 5.9 | X46: خیر | Y46: عادی | Z46: پوز | AA46: T-1001 | AB46: 794010169152 | AC46: 46281.534 | AD46: عادی | AF46: =IF(COUNTIF(لیست_سفید!$A$2:$A$21,B46)>0,"بله","خیر") -> خیر | AG46: =IF(H46="","",IF(AD46="فیش مفقودی",تنظیمات!$B$6,(INT(I46/1440)*تنظیمات!$B$5+IF(MOD(I46,1440)<=تنظیمات!$B$2,0,MIN(تنظیمات!$B$5,تنظیمات!$B$3+MAX(0,ROUNDUP((MOD(I46,1440)-60)/60,0))*تنظیمات!$B$4)))*INDEX(تعرفه!$B$2:$B$7,MATCH(AD46,تعرفه!$A$2:$A$7,0)))) -> 76000 | AH46: 76000 | AI46: =IF(AG46="","",AH46-AG46) -> 0 | AJ46: -1 | AK46: 0 | AL46: خیر | AN46: بله | AO46: بله | AP46: خیر | AR46: =IF(AND(T46<>"",H46<>""),IF(AND((T46-H46)*86400>=0,(T46-H46)*86400<تنظیمات!$B$13),1,0),0) -> 0 | AS46: =IF(Z46="پوز",IF(OR(AB46="",COUNTIF(پوزها!$A$2:$A$5,AA46)=0),1,0),0) -> 0 | AT46: =IF(AI46="",0,IF(AI46>0,1,0)) -> 0 | AU46: =IF(AI46="",0,IF(AI46<0,1,0)) -> 0 | AV46: =IF(U46>V46,1,0) -> 0 | AW46: =IF(OR(W46>تنظیمات!$B$8,X46="بله"),1,0) -> 0 | AX46: =IF(AND(N46="بله",L46>تنظیمات!$B$9),1,0) -> 0 | AY46: =IF(Y46="معکوس",1,0) -> 0 | AZ46: =IF(ABS(AJ46)>تنظیمات!$B$10,1,0) -> 0 | BA46: =IF(AND(OR(AD46="رایگان/VIP",AD46="جانباز"),AF46="خیر"),1,0) -> 0 | BB46: =IF(AE46="",0,IF(COUNTIF($AE$2:$AE$1001,AE46)>1,1,0)) -> 0 | BC46: =IF(AND(H46="",I46>تنظیمات!$B$12*60,AM46="خالی"),1,0) -> 0 | BD46: =IF(AND(AP46="بله",I46<تنظیمات!$B$14,AO46="خیر"),1,0) -> 0 | BE46: =IF(AN46="خیر",1,0) -> 0 | BF46: =IF(AND(AD46="فیش مفقودی",AQ46="بله",I46>تنظیمات!$B$12*60),1,0) -> 0 | BG46: =IF(AND(AK46>تنظیمات!$B$11,AL46="بله"),1,0) -> 0 | BH46: =MIN(100,AR46*تنظیمات!$B$21+AS46*تنظیمات!$B$22+AT46*تنظیمات!$B$23+AU46*تنظیمات!$B$24+AV46*تنظیمات!$B$25+AW46*تنظیمات!$B$26+AX46*تنظیمات!$B$27+AY46*تنظیمات!$B$28+AZ46*تنظیمات!$B$29+BA46*تنظیمات!$B$30+BB46*تنظیمات!$B$31+BC46*تنظیمات!$B$32+BD46*تنظیمات!$B$33+BE46*تنظیمات!$B$34+BF46*تنظیمات!$B$35+BG46*تنظیمات!$B$36) -> 0 | BI46: =IF(BH46>=60,"بحرانی",IF(BH46>=30,"مشکوک",IF(BH46>0,"هشدار","عادی"))) -> عادی | BJ46: عادی
A47: EV-00046 | B47: 25ه829-66 | D47: کیا سراتو | E47: مشکی | F47: اقتصادی | G47: 46281.355 | H47: 46281.406 | I47: =IF(H47="",ROUND((تنظیمات!$B$7-G47)*1440,0),ROUND((H47-G47)*1440,0)) -> 74 | J47: E2 | K47: X1 | L47: 0.994 | M47: 0.919 | N47: خیر | O47: OP-01 | P47: صبح | Q47: 46281 | R47: TK-260916-00046 | S47: تسویه‌شده | U47: 1 | V47: 1 | W47: 4.5 | X47: خیر | Y47: عادی | Z47: پوز | AA47: T-1001 | AB47: 015063854889 | AC47: 46281.405 | AD47: عادی | AF47: =IF(COUNTIF(لیست_سفید!$A$2:$A$21,B47)>0,"بله","خیر") -> خیر | AG47: =IF(H47="","",IF(AD47="فیش مفقودی",تنظیمات!$B$6,(INT(I47/1440)*تنظیمات!$B$5+IF(MOD(I47,1440)<=تنظیمات!$B$2,0,MIN(تنظیمات!$B$5,تنظیمات!$B$3+MAX(0,ROUNDUP((MOD(I47,1440)-60)/60,0))*تنظیمات!$B$4)))*INDEX(تعرفه!$B$2:$B$7,MATCH(AD47,تعرفه!$A$2:$A$7,0)))) -> 34000 | AH47: 34000 | AI47: =IF(AG47="","",AH47-AG47) -> 0 | AJ47: 0 | AK47: 0 | AL47: خیر | AN47: بله | AO47: بله | AP47: خیر | AR47: =IF(AND(T47<>"",H47<>""),IF(AND((T47-H47)*86400>=0,(T47-H47)*86400<تنظیمات!$B$13),1,0),0) -> 0 | AS47: =IF(Z47="پوز",IF(OR(AB47="",COUNTIF(پوزها!$A$2:$A$5,AA47)=0),1,0),0) -> 0 | AT47: =IF(AI47="",0,IF(AI47>0,1,0)) -> 0 | AU47: =IF(AI47="",0,IF(AI47<0,1,0)) -> 0 | AV47: =IF(U47>V47,1,0) -> 0 | AW47: =IF(OR(W47>تنظیمات!$B$8,X47="بله"),1,0) -> 0 | AX47: =IF(AND(N47="بله",L47>تنظیمات!$B$9),1,0) -> 0 | AY47: =IF(Y47="معکوس",1,0) -> 0 | AZ47: =IF(ABS(AJ47)>تنظیمات!$B$10,1,0) -> 0 | BA47: =IF(AND(OR(AD47="رایگان/VIP",AD47="جانباز"),AF47="خیر"),1,0) -> 0 | BB47: =IF(AE47="",0,IF(COUNTIF($AE$2:$AE$1001,AE47)>1,1,0)) -> 0 | BC47: =IF(AND(H47="",I47>تنظیمات!$B$12*60,AM47="خالی"),1,0) -> 0 | BD47: =IF(AND(AP47="بله",I47<تنظیمات!$B$14,AO47="خیر"),1,0) -> 0 | BE47: =IF(AN47="خیر",1,0) -> 0 | BF47: =IF(AND(AD47="فیش مفقودی",AQ47="بله",I47>تنظیمات!$B$12*60),1,0) -> 0 | BG47: =IF(AND(AK47>تنظیمات!$B$11,AL47="بله"),1,0) -> 0 | BH47: =MIN(100,AR47*تنظیمات!$B$21+AS47*تنظیمات!$B$22+AT47*تنظیمات!$B$23+AU47*تنظیمات!$B$24+AV47*تنظیمات!$B$25+AW47*تنظیمات!$B$26+AX47*تنظیمات!$B$27+AY47*تنظیمات!$B$28+AZ47*تنظیمات!$B$29+BA47*تنظیمات!$B$30+BB47*تنظیمات!$B$31+BC47*تنظیمات!$B$32+BD47*تنظیمات!$B$33+BE47*تنظیمات!$B$34+BF47*تنظیمات!$B$35+BG47*تنظیمات!$B$36) -> 0 | BI47: =IF(BH47>=60,"بحرانی",IF(BH47>=30,"مشکوک",IF(BH47>0,"هشدار","عادی"))) -> عادی | BJ47: عادی
A48: EV-00047 | B48: 74و300-55 | D48: بی‌ام‌و 520 | E48: مشکی | F48: لوکس | G48: 46281.357 | H48: 46281.515 | I48: =IF(H48="",ROUND((تنظیمات!$B$7-G48)*1440,0),ROUND((H48-G48)*1440,0)) -> 228 | J48: E1 | K48: X1 | L48: 0.959 | M48: 0.923 | N48: خیر | O48: OP-01 | P48: صبح | Q48: 46281 | R48: TK-260916-00047 | S48: تسویه‌شده | U48: 1 | V48: 1 | W48: 4.3 | X48: خیر | Y48: عادی | Z48: نقد | AD48: عادی | AF48: =IF(COUNTIF(لیست_سفید!$A$2:$A$21,B48)>0,"بله","خیر") -> خیر | AG48: =IF(H48="","",IF(AD48="فیش مفقودی",تنظیمات!$B$6,(INT(I48/1440)*تنظیمات!$B$5+IF(MOD(I48,1440)<=تنظیمات!$B$2,0,MIN(تنظیمات!$B$5,تنظیمات!$B$3+MAX(0,ROUNDUP((MOD(I48,1440)-60)/60,0))*تنظیمات!$B$4)))*INDEX(تعرفه!$B$2:$B$7,MATCH(AD48,تعرفه!$A$2:$A$7,0)))) -> 62000 | AH48: 62000 | AI48: =IF(AG48="","",AH48-AG48) -> 0 | AJ48: 0 | AK48: 0 | AL48: خیر | AN48: بله | AO48: بله | AP48: خیر | AR48: =IF(AND(T48<>"",H48<>""),IF(AND((T48-H48)*86400>=0,(T48-H48)*86400<تنظیمات!$B$13),1,0),0) -> 0 | AS48: =IF(Z48="پوز",IF(OR(AB48="",COUNTIF(پوزها!$A$2:$A$5,AA48)=0),1,0),0) -> 0 | AT48: =IF(AI48="",0,IF(AI48>0,1,0)) -> 0 | AU48: =IF(AI48="",0,IF(AI48<0,1,0)) -> 0 | AV48: =IF(U48>V48,1,0) -> 0 | AW48: =IF(OR(W48>تنظیمات!$B$8,X48="بله"),1,0) -> 0 | AX48: =IF(AND(N48="بله",L48>تنظیمات!$B$9),1,0) -> 0 | AY48: =IF(Y48="معکوس",1,0) -> 0 | AZ48: =IF(ABS(AJ48)>تنظیمات!$B$10,1,0) -> 0 | BA48: =IF(AND(OR(AD48="رایگان/VIP",AD48="جانباز"),AF48="خیر"),1,0) -> 0 | BB48: =IF(AE48="",0,IF(COUNTIF($AE$2:$AE$1001,AE48)>1,1,0)) -> 0 | BC48: =IF(AND(H48="",I48>تنظیمات!$B$12*60,AM48="خالی"),1,0) -> 0 | BD48: =IF(AND(AP48="بله",I48<تنظیمات!$B$14,AO48="خیر"),1,0) -> 0 | BE48: =IF(AN48="خیر",1,0) -> 0 | BF48: =IF(AND(AD48="فیش مفقودی",AQ48="بله",I48>تنظیمات!$B$12*60),1,0) -> 0 | BG48: =IF(AND(AK48>تنظیمات!$B$11,AL48="بله"),1,0) -> 0 | BH48: =MIN(100,AR48*تنظیمات!$B$21+AS48*تنظیمات!$B$22+AT48*تنظیمات!$B$23+AU48*تنظیمات!$B$24+AV48*تنظیمات!$B$25+AW48*تنظیمات!$B$26+AX48*تنظیمات!$B$27+AY48*تنظیمات!$B$28+AZ48*تنظیمات!$B$29+BA48*تنظیمات!$B$30+BB48*تنظیمات!$B$31+BC48*تنظیمات!$B$32+BD48*تنظیمات!$B$33+BE48*تنظیمات!$B$34+BF48*تنظیمات!$B$35+BG48*تنظیمات!$B$36) -> 0 | BI48: =IF(BH48>=60,"بحرانی",IF(BH48>=30,"مشکوک",IF(BH48>0,"هشدار","عادی"))) -> عادی | BJ48: عادی
A49: EV-00048 | B49: 74ا821-95 | D49: موتورسیکلت | E49: سفید | F49: اقتصادی | G49: 46281.365 | H49: 46281.391 | I49: =IF(H49="",ROUND((تنظیمات!$B$7-G49)*1440,0),ROUND((H49-G49)*1440,0)) -> 38 | J49: E2 | K49: X1 | L49: 0.994 | M49: 0.945 | N49: خیر | O49: OP-01 | P49: صبح | Q49: 46281 | R49: TK-260916-00048 | S49: تسویه‌شده | U49: 1 | V49: 1 | W49: 4.7 | X49: خیر | Y49: عادی | Z49: پوز | AA49: T-1001 | AB49: 186498518969 | AC49: 46281.39 | AD49: عادی | AF49: =IF(COUNTIF(لیست_سفید!$A$2:$A$21,B49)>0,"بله","خیر") -> خیر | AG49: =IF(H49="","",IF(AD49="فیش مفقودی",تنظیمات!$B$6,(INT(I49/1440)*تنظیمات!$B$5+IF(MOD(I49,1440)<=تنظیمات!$B$2,0,MIN(تنظیمات!$B$5,تنظیمات!$B$3+MAX(0,ROUNDUP((MOD(I49,1440)-60)/60,0))*تنظیمات!$B$4)))*INDEX(تعرفه!$B$2:$B$7,MATCH(AD49,تعرفه!$A$2:$A$7,0)))) -> 20000 | AH49: 20000 | AI49: =IF(AG49="","",AH49-AG49) -> 0 | AJ49: 0 | AK49: 0 | AL49: خیر | AN49: بله | AO49: بله | AP49: خیر | AR49: =IF(AND(T49<>"",H49<>""),IF(AND((T49-H49)*86400>=0,(T49-H49)*86400<تنظیمات!$B$13),1,0),0) -> 0 | AS49: =IF(Z49="پوز",IF(OR(AB49="",COUNTIF(پوزها!$A$2:$A$5,AA49)=0),1,0),0) -> 0 | AT49: =IF(AI49="",0,IF(AI49>0,1,0)) -> 0 | AU49: =IF(AI49="",0,IF(AI49<0,1,0)) -> 0 | AV49: =IF(U49>V49,1,0) -> 0 | AW49: =IF(OR(W49>تنظیمات!$B$8,X49="بله"),1,0) -> 0 | AX49: =IF(AND(N49="بله",L49>تنظیمات!$B$9),1,0) -> 0 | AY49: =IF(Y49="معکوس",1,0) -> 0 | AZ49: =IF(ABS(AJ49)>تنظیمات!$B$10,1,0) -> 0 | BA49: =IF(AND(OR(AD49="رایگان/VIP",AD49="جانباز"),AF49="خیر"),1,0) -> 0 | BB49: =IF(AE49="",0,IF(COUNTIF($AE$2:$AE$1001,AE49)>1,1,0)) -> 0 | BC49: =IF(AND(H49="",I49>تنظیمات!$B$12*60,AM49="خالی"),1,0) -> 0 | BD49: =IF(AND(AP49="بله",I49<تنظیمات!$B$14,AO49="خیر"),1,0) -> 0 | BE49: =IF(AN49="خیر",1,0) -> 0 | BF49: =IF(AND(AD49="فیش مفقودی",AQ49="بله",I49>تنظیمات!$B$12*60),1,0) -> 0 | BG49: =IF(AND(AK49>تنظیمات!$B$11,AL49="بله"),1,0) -> 0 | BH49: =MIN(100,AR49*تنظیمات!$B$21+AS49*تنظیمات!$B$22+AT49*تنظیمات!$B$23+AU49*تنظیمات!$B$24+AV49*تنظیمات!$B$25+AW49*تنظیمات!$B$26+AX49*تنظیمات!$B$27+AY49*تنظیمات!$B$28+AZ49*تنظیمات!$B$29+BA49*تنظیمات!$B$30+BB49*تنظیمات!$B$31+BC49*تنظیمات!$B$32+BD49*تنظیمات!$B$33+BE49*تنظیمات!$B$34+BF49*تنظیمات!$B$35+BG49*تنظیمات!$B$36) -> 0 | BI49: =IF(BH49>=60,"بحرانی",IF(BH49>=30,"مشکوک",IF(BH49>0,"هشدار","عادی"))) -> عادی | BJ49: عادی
A50: EV-00049 | B50: 96م892-46 | D50: پراید 131 | E50: آبی | F50: اقتصادی | G50: 46281.407 | H50: 46281.46 | I50: =IF(H50="",ROUND((تنظیمات!$B$7-G50)*1440,0),ROUND((H50-G50)*1440,0)) -> 77 | J50: E1 | K50: X1 | L50: 0.846 | M50: 0.948 | N50: خیر | O50: OP-01 | P50: صبح | Q50: 46281 | R50: TK-260916-00049 | S50: تسویه‌شده | U50: 1 | V50: 1 | W50: 6.1 | X50: خیر | Y50: عادی | Z50: پوز | AA50: T-1001 | AB50: 830636133333 | AC50: 46281.46 | AD50: عادی | AF50: =IF(COUNTIF(لیست_سفید!$A$2:$A$21,B50)>0,"بله","خیر") -> خیر | AG50: =IF(H50="","",IF(AD50="فیش مفقودی",تنظیمات!$B$6,(INT(I50/1440)*تنظیمات!$B$5+IF(MOD(I50,1440)<=تنظیمات!$B$2,0,MIN(تنظیمات!$B$5,تنظیمات!$B$3+MAX(0,ROUNDUP((MOD(I50,1440)-60)/60,0))*تنظیمات!$B$4)))*INDEX(تعرفه!$B$2:$B$7,MATCH(AD50,تعرفه!$A$2:$A$7,0)))) -> 34000 | AH50: 34000 | AI50: =IF(AG50="","",AH50-AG50) -> 0 | AJ50: -4 | AK50: 0 | AL50: خیر | AN50: بله | AO50: بله | AP50: خیر | AR50: =IF(AND(T50<>"",H50<>""),IF(AND((T50-H50)*86400>=0,(T50-H50)*86400<تنظیمات!$B$13),1,0),0) -> 0 | AS50: =IF(Z50="پوز",IF(OR(AB50="",COUNTIF(پوزها!$A$2:$A$5,AA50)=0),1,0),0) -> 0 | AT50: =IF(AI50="",0,IF(AI50>0,1,0)) -> 0 | AU50: =IF(AI50="",0,IF(AI50<0,1,0)) -> 0 | AV50: =IF(U50>V50,1,0) -> 0 | AW50: =IF(OR(W50>تنظیمات!$B$8,X50="بله"),1,0) -> 0 | AX50: =IF(AND(N50="بله",L50>تنظیمات!$B$9),1,0) -> 0 | AY50: =IF(Y50="معکوس",1,0) -> 0 | AZ50: =IF(ABS(AJ50)>تنظیمات!$B$10,1,0) -> 0 | BA50: =IF(AND(OR(AD50="رایگان/VIP",AD50="جانباز"),AF50="خیر"),1,0) -> 0 | BB50: =IF(AE50="",0,IF(COUNTIF($AE$2:$AE$1001,AE50)>1,1,0)) -> 0 | BC50: =IF(AND(H50="",I50>تنظیمات!$B$12*60,AM50="خالی"),1,0) -> 0 | BD50: =IF(AND(AP50="بله",I50<تنظیمات!$B$14,AO50="خیر"),1,0) -> 0 | BE50: =IF(AN50="خیر",1,0) -> 0 | BF50: =IF(AND(AD50="فیش مفقودی",AQ50="بله",I50>تنظیمات!$B$12*60),1,0) -> 0 | BG50: =IF(AND(AK50>تنظیمات!$B$11,AL50="بله"),1,0) -> 0 | BH50: =MIN(100,AR50*تنظیمات!$B$21+AS50*تنظیمات!$B$22+AT50*تنظیمات!$B$23+AU50*تنظیمات!$B$24+AV50*تنظیمات!$B$25+AW50*تنظیمات!$B$26+AX50*تنظیمات!$B$27+AY50*تنظیمات!$B$28+AZ50*تنظیمات!$B$29+BA50*تنظیمات!$B$30+BB50*تنظیمات!$B$31+BC50*تنظیمات!$B$32+BD50*تنظیمات!$B$33+BE50*تنظیمات!$B$34+BF50*تنظیمات!$B$35+BG50*تنظیمات!$B$36) -> 0 | BI50: =IF(BH50>=60,"بحرانی",IF(BH50>=30,"مشکوک",IF(BH50>0,"هشدار","عادی"))) -> عادی | BJ50: عادی
A51: EV-00050 | B51: 61پ573-31 | D51: کیا سراتو | E51: سفید | F51: اقتصادی | G51: 46281.413 | H51: 46281.44 | I51: =IF(H51="",ROUND((تنظیمات!$B$7-G51)*1440,0),ROUND((H51-G51)*1440,0)) -> 39 | J51: E1 | K51: X1 | L51: 0.965 | M51: 0.865 | N51: خیر | O51: OP-01 | P51: صبح | Q51: 46281 | R51: TK-260916-00050 | S51: تسویه‌شده | U51: 1 | V51: 1 | W51: 6.9 | X51: خیر | Y51: عادی | Z51: پوز | AA51: T-1001 | AB51: 779693736930 | AC51: 46281.44 | AD51: عادی | AF51: =IF(COUNTIF(لیست_سفید!$A$2:$A$21,B51)>0,"بله","خیر") -> خیر | AG51: =IF(H51="","",IF(AD51="فیش مفقودی",تنظیمات!$B$6,(INT(I51/1440)*تنظیمات!$B$5+IF(MOD(I51,1440)<=تنظیمات!$B$2,0,MIN(تنظیمات!$B$5,تنظیمات!$B$3+MAX(0,ROUNDUP((MOD(I51,1440)-60)/60,0))*تنظیمات!$B$4)))*INDEX(تعرفه!$B$2:$B$7,MATCH(AD51,تعرفه!$A$2:$A$7,0)))) -> 20000 | AH51: 20000 | AI51: =IF(AG51="","",AH51-AG51) -> 0 | AJ51: 1 | AK51: 0 | AL51: خیر | AN51: بله | AO51: بله | AP51: خیر | AR51: =IF(AND(T51<>"",H51<>""),IF(AND((T51-H51)*86400>=0,(T51-H51)*86400<تنظیمات!$B$13),1,0),0) -> 0 | AS51: =IF(Z51="پوز",IF(OR(AB51="",COUNTIF(پوزها!$A$2:$A$5,AA51)=0),1,0),0) -> 0 | AT51: =IF(AI51="",0,IF(AI51>0,1,0)) -> 0 | AU51: =IF(AI51="",0,IF(AI51<0,1,0)) -> 0 | AV51: =IF(U51>V51,1,0) -> 0 | AW51: =IF(OR(W51>تنظیمات!$B$8,X51="بله"),1,0) -> 0 | AX51: =IF(AND(N51="بله",L51>تنظیمات!$B$9),1,0) -> 0 | AY51: =IF(Y51="معکوس",1,0) -> 0 | AZ51: =IF(ABS(AJ51)>تنظیمات!$B$10,1,0) -> 0 | BA51: =IF(AND(OR(AD51="رایگان/VIP",AD51="جانباز"),AF51="خیر"),1,0) -> 0 | BB51: =IF(AE51="",0,IF(COUNTIF($AE$2:$AE$1001,AE51)>1,1,0)) -> 0 | BC51: =IF(AND(H51="",I51>تنظیمات!$B$12*60,AM51="خالی"),1,0) -> 0 | BD51: =IF(AND(AP51="بله",I51<تنظیمات!$B$14,AO51="خیر"),1,0) -> 0 | BE51: =IF(AN51="خیر",1,0) -> 0 | BF51: =IF(AND(AD51="فیش مفقودی",AQ51="بله",I51>تنظیمات!$B$12*60),1,0) -> 0 | BG51: =IF(AND(AK51>تنظیمات!$B$11,AL51="بله"),1,0) -> 0 | BH51: =MIN(100,AR51*تنظیمات!$B$21+AS51*تنظیمات!$B$22+AT51*تنظیمات!$B$23+AU51*تنظیمات!$B$24+AV51*تنظیمات!$B$25+AW51*تنظیمات!$B$26+AX51*تنظیمات!$B$27+AY51*تنظیمات!$B$28+AZ51*تنظیمات!$B$29+BA51*تنظیمات!$B$30+BB51*تنظیمات!$B$31+BC51*تنظیمات!$B$32+BD51*تنظیمات!$B$33+BE51*تنظیمات!$B$34+BF51*تنظیمات!$B$35+BG51*تنظیمات!$B$36) -> 0 | BI51: =IF(BH51>=60,"بحرانی",IF(BH51>=30,"مشکوک",IF(BH51>0,"هشدار","عادی"))) -> عادی | BJ51: عادی
A52: EV-00051 | B52: 30ش433-83 | D52: پژو 206 | E52: سفید | F52: اقتصادی | G52: 46281.453 | H52: 46281.508 | I52: =IF(H52="",ROUND((تنظیمات!$B$7-G52)*1440,0),ROUND((H52-G52)*1440,0)) -> 79 | J52: E2 | K52: X2 | L52: 0.974 | M52: 0.938 | N52: خیر | O52: OP-02 | P52: صبح | Q52: 46281 | R52: TK-260916-00051 | S52: تسویه‌شده | U52: 1 | V52: 1 | W52: 5.8 | X52: خیر | Y52: عادی | Z52: پوز | AA52: T-1002 | AB52: 242175381232 | AC52: 46281.507 | AD52: تخفیف کد | AE52: DC-82225 | AF52: =IF(COUNTIF(لیست_سفید!$A$2:$A$21,B52)>0,"بله","خیر") -> خیر | AG52: =IF(H52="","",IF(AD52="فیش مفقودی",تنظیمات!$B$6,(INT(I52/1440)*تنظیمات!$B$5+IF(MOD(I52,1440)<=تنظیمات!$B$2,0,MIN(تنظیمات!$B$5,تنظیمات!$B$3+MAX(0,ROUNDUP((MOD(I52,1440)-60)/60,0))*تنظیمات!$B$4)))*INDEX(تعرفه!$B$2:$B$7,MATCH(AD52,تعرفه!$A$2:$A$7,0)))) -> 17000 | AH52: 17000 | AI52: =IF(AG52="","",AH52-AG52) -> 0 | AJ52: 2 | AK52: 0 | AL52: خیر | AN52: بله | AO52: بله | AP52: خیر | AR52: =IF(AND(T52<>"",H52<>""),IF(AND((T52-H52)*86400>=0,(T52-H52)*86400<تنظیمات!$B$13),1,0),0) -> 0 | AS52: =IF(Z52="پوز",IF(OR(AB52="",COUNTIF(پوزها!$A$2:$A$5,AA52)=0),1,0),0) -> 0 | AT52: =IF(AI52="",0,IF(AI52>0,1,0)) -> 0 | AU52: =IF(AI52="",0,IF(AI52<0,1,0)) -> 0 | AV52: =IF(U52>V52,1,0) -> 0 | AW52: =IF(OR(W52>تنظیمات!$B$8,X52="بله"),1,0) -> 0 | AX52: =IF(AND(N52="بله",L52>تنظیمات!$B$9),1,0) -> 0 | AY52: =IF(Y52="معکوس",1,0) -> 0 | AZ52: =IF(ABS(AJ52)>تنظیمات!$B$10,1,0) -> 0 | BA52: =IF(AND(OR(AD52="رایگان/VIP",AD52="جانباز"),AF52="خیر"),1,0) -> 0 | BB52: =IF(AE52="",0,IF(COUNTIF($AE$2:$AE$1001,AE52)>1,1,0)) -> 0 | BC52: =IF(AND(H52="",I52>تنظیمات!$B$12*60,AM52="خالی"),1,0) -> 0 | BD52: =IF(AND(AP52="بله",I52<تنظیمات!$B$14,AO52="خیر"),1,0) -> 0 | BE52: =IF(AN52="خیر",1,0) -> 0 | BF52: =IF(AND(AD52="فیش مفقودی",AQ52="بله",I52>تنظیمات!$B$12*60),1,0) -> 0 | BG52: =IF(AND(AK52>تنظیمات!$B$11,AL52="بله"),1,0) -> 0 | BH52: =MIN(100,AR52*تنظیمات!$B$21+AS52*تنظیمات!$B$22+AT52*تنظیمات!$B$23+AU52*تنظیمات!$B$24+AV52*تنظیمات!$B$25+AW52*تنظیمات!$B$26+AX52*تنظیمات!$B$27+AY52*تنظیمات!$B$28+AZ52*تنظیمات!$B$29+BA52*تنظیمات!$B$30+BB52*تنظیمات!$B$31+BC52*تنظیمات!$B$32+BD52*تنظیمات!$B$33+BE52*تنظیمات!$B$34+BF52*تنظیمات!$B$35+BG52*تنظیمات!$B$36) -> 0 | BI52: =IF(BH52>=60,"بحرانی",IF(BH52>=30,"مشکوک",IF(BH52>0,"هشدار","عادی"))) -> عادی | BJ52: عادی
A53: EV-00052 | B53: 30س895-19 | D53: کیا سراتو | E53: خاکستری | F53: اقتصادی | G53: 46281.462 | H53: 46281.568 | I53: =IF(H53="",ROUND((تنظیمات!$B$7-G53)*1440,0),ROUND((H53-G53)*1440,0)) -> 153 | J53: E2 | K53: X2 | L53: 0.942 | M53: 0.972 | N53: خیر | O53: OP-02 | P53: صبح | Q53: 46281 | R53: TK-260916-00052 | S53: تسویه‌شده | U53: 1 | V53: 1 | W53: 4.2 | X53: خیر | Y53: عادی | Z53: پوز | AA53: T-1002 | AB53: 597298333520 | AC53: 46281.568 | AD53: عادی | AF53: =IF(COUNTIF(لیست_سفید!$A$2:$A$21,B53)>0,"بله","خیر") -> خیر | AG53: =IF(H53="","",IF(AD53="فیش مفقودی",تنظیمات!$B$6,(INT(I53/1440)*تنظیمات!$B$5+IF(MOD(I53,1440)<=تنظیمات!$B$2,0,MIN(تنظیمات!$B$5,تنظیمات!$B$3+MAX(0,ROUNDUP((MOD(I53,1440)-60)/60,0))*تنظیمات!$B$4)))*INDEX(تعرفه!$B$2:$B$7,MATCH(AD53,تعرفه!$A$2:$A$7,0)))) -> 48000 | AH53: 48000 | AI53: =IF(AG53="","",AH53-AG53) -> 0 | AJ53: -1 | AK53: 0 | AL53: خیر | AN53: بله | AO53: بله | AP53: خیر | AR53: =IF(AND(T53<>"",H53<>""),IF(AND((T53-H53)*86400>=0,(T53-H53)*86400<تنظیمات!$B$13),1,0),0) -> 0 | AS53: =IF(Z53="پوز",IF(OR(AB53="",COUNTIF(پوزها!$A$2:$A$5,AA53)=0),1,0),0) -> 0 | AT53: =IF(AI53="",0,IF(AI53>0,1,0)) -> 0 | AU53: =IF(AI53="",0,IF(AI53<0,1,0)) -> 0 | AV53: =IF(U53>V53,1,0) -> 0 | AW53: =IF(OR(W53>تنظیمات!$B$8,X53="بله"),1,0) -> 0 | AX53: =IF(AND(N53="بله",L53>تنظیمات!$B$9),1,0) -> 0 | AY53: =IF(Y53="معکوس",1,0) -> 0 | AZ53: =IF(ABS(AJ53)>تنظیمات!$B$10,1,0) -> 0 | BA53: =IF(AND(OR(AD53="رایگان/VIP",AD53="جانباز"),AF53="خیر"),1,0) -> 0 | BB53: =IF(AE53="",0,IF(COUNTIF($AE$2:$AE$1001,AE53)>1,1,0)) -> 0 | BC53: =IF(AND(H53="",I53>تنظیمات!$B$12*60,AM53="خالی"),1,0) -> 0 | BD53: =IF(AND(AP53="بله",I53<تنظیمات!$B$14,AO53="خیر"),1,0) -> 0 | BE53: =IF(AN53="خیر",1,0) -> 0 | BF53: =IF(AND(AD53="فیش مفقودی",AQ53="بله",I53>تنظیمات!$B$12*60),1,0) -> 0 | BG53: =IF(AND(AK53>تنظیمات!$B$11,AL53="بله"),1,0) -> 0 | BH53: =MIN(100,AR53*تنظیمات!$B$21+AS53*تنظیمات!$B$22+AT53*تنظیمات!$B$23+AU53*تنظیمات!$B$24+AV53*تنظیمات!$B$25+AW53*تنظیمات!$B$26+AX53*تنظیمات!$B$27+AY53*تنظیمات!$B$28+AZ53*تنظیمات!$B$29+BA53*تنظیمات!$B$30+BB53*تنظیمات!$B$31+BC53*تنظیمات!$B$32+BD53*تنظیمات!$B$33+BE53*تنظیمات!$B$34+BF53*تنظیمات!$B$35+BG53*تنظیمات!$B$36) -> 0 | BI53: =IF(BH53>=60,"بحرانی",IF(BH53>=30,"مشکوک",IF(BH53>0,"هشدار","عادی"))) -> عادی | BJ53: عادی
A54: EV-00053 | B54: 30س895-19 | D54: کیا سراتو | E54: خاکستری | F54: اقتصادی | G54: 46281.469 | H54: 46281.535 | I54: =IF(H54="",ROUND((تنظیمات!$B$7-G54)*1440,0),ROUND((H54-G54)*1440,0)) -> 95 | J54: E2 | K54: X2 | L54: 0.938 | M54: 0.961 | N54: خیر | O54: OP-02 | P54: صبح | Q54: 46281 | R54: TK-260916-00053 | S54: تسویه‌شده | U54: 1 | V54: 1 | W54: 4.7 | X54: خیر | Y54: عادی | Z54: پوز | AA54: T-1002 | AB54: 740201101491 | AC54: 46281.535 | AD54: عادی | AF54: =IF(COUNTIF(لیست_سفید!$A$2:$A$21,B54)>0,"بله","خیر") -> خیر | AG54: =IF(H54="","",IF(AD54="فیش مفقودی",تنظیمات!$B$6,(INT(I54/1440)*تنظیمات!$B$5+IF(MOD(I54,1440)<=تنظیمات!$B$2,0,MIN(تنظیمات!$B$5,تنظیمات!$B$3+MAX(0,ROUNDUP((MOD(I54,1440)-60)/60,0))*تنظیمات!$B$4)))*INDEX(تعرفه!$B$2:$B$7,MATCH(AD54,تعرفه!$A$2:$A$7,0)))) -> 34000 | AH54: 34000 | AI54: =IF(AG54="","",AH54-AG54) -> 0 | AJ54: 0 | AK54: 0 | AL54: خیر | AN54: بله | AO54: بله | AP54: خیر | AR54: =IF(AND(T54<>"",H54<>""),IF(AND((T54-H54)*86400>=0,(T54-H54)*86400<تنظیمات!$B$13),1,0),0) -> 0 | AS54: =IF(Z54="پوز",IF(OR(AB54="",COUNTIF(پوزها!$A$2:$A$5,AA54)=0),1,0),0) -> 0 | AT54: =IF(AI54="",0,IF(AI54>0,1,0)) -> 0 | AU54: =IF(AI54="",0,IF(AI54<0,1,0)) -> 0 | AV54: =IF(U54>V54,1,0) -> 0 | AW54: =IF(OR(W54>تنظیمات!$B$8,X54="بله"),1,0) -> 0 | AX54: =IF(AND(N54="بله",L54>تنظیمات!$B$9),1,0) -> 0 | AY54: =IF(Y54="معکوس",1,0) -> 0 | AZ54: =IF(ABS(AJ54)>تنظیمات!$B$10,1,0) -> 0 | BA54: =IF(AND(OR(AD54="رایگان/VIP",AD54="جانباز"),AF54="خیر"),1,0) -> 0 | BB54: =IF(AE54="",0,IF(COUNTIF($AE$2:$AE$1001,AE54)>1,1,0)) -> 0 | BC54: =IF(AND(H54="",I54>تنظیمات!$B$12*60,AM54="خالی"),1,0) -> 0 | BD54: =IF(AND(AP54="بله",I54<تنظیمات!$B$14,AO54="خیر"),1,0) -> 0 | BE54: =IF(AN54="خیر",1,0) -> 0 | BF54: =IF(AND(AD54="فیش مفقودی",AQ54="بله",I54>تنظیمات!$B$12*60),1,0) -> 0 | BG54: =IF(AND(AK54>تنظیمات!$B$11,AL54="بله"),1,0) -> 0 | BH54: =MIN(100,AR54*تنظیمات!$B$21+AS54*تنظیمات!$B$22+AT54*تنظیمات!$B$23+AU54*تنظیمات!$B$24+AV54*تنظیمات!$B$25+AW54*تنظیمات!$B$26+AX54*تنظیمات!$B$27+AY54*تنظیمات!$B$28+AZ54*تنظیمات!$B$29+BA54*تنظیمات!$B$30+BB54*تنظیمات!$B$31+BC54*تنظیمات!$B$32+BD54*تنظیمات!$B$33+BE54*تنظیمات!$B$34+BF54*تنظیمات!$B$35+BG54*تنظیمات!$B$36) -> 0 | BI54: =IF(BH54>=60,"بحرانی",IF(BH54>=30,"مشکوک",IF(BH54>0,"هشدار","عادی"))) -> عادی | BJ54: عادی
A55: EV-00054 | B55: 85م999-69 | D55: وانت نیسان | E55: خاکستری | F55: اقتصادی | G55: 46281.49 | H55: 46281.719 | I55: =IF(H55="",ROUND((تنظیمات!$B$7-G55)*1440,0),ROUND((H55-G55)*1440,0)) -> 329 | J55: E2 | K55: X1 | L55: 0.964 | M55: 0.963 | N55: خیر | O55: OP-03 | P55: عصر | Q55: 46281 | R55: TK-260916-00054 | S55: تسویه‌شده | U55: 1 | V55: 1 | W55: 4.3 | X55: خیر | Y55: عادی | Z55: معاف | AD55: رایگان/VIP | AF55: =IF(COUNTIF(لیست_سفید!$A$2:$A$21,B55)>0,"بله","خیر") -> بله | AG55: =IF(H55="","",IF(AD55="فیش مفقودی",تنظیمات!$B$6,(INT(I55/1440)*تنظیمات!$B$5+IF(MOD(I55,1440)<=تنظیمات!$B$2,0,MIN(تنظیمات!$B$5,تنظیمات!$B$3+MAX(0,ROUNDUP((MOD(I55,1440)-60)/60,0))*تنظیمات!$B$4)))*INDEX(تعرفه!$B$2:$B$7,MATCH(AD55,تعرفه!$A$2:$A$7,0)))) -> 0 | AH55: 0 | AI55: =IF(AG55="","",AH55-AG55) -> 0 | AJ55: 3 | AK55: 0 | AL55: خیر | AN55: بله | AO55: بله | AP55: خیر | AR55: =IF(AND(T55<>"",H55<>""),IF(AND((T55-H55)*86400>=0,(T55-H55)*86400<تنظیمات!$B$13),1,0),0) -> 0 | AS55: =IF(Z55="پوز",IF(OR(AB55="",COUNTIF(پوزها!$A$2:$A$5,AA55)=0),1,0),0) -> 0 | AT55: =IF(AI55="",0,IF(AI55>0,1,0)) -> 0 | AU55: =IF(AI55="",0,IF(AI55<0,1,0)) -> 0 | AV55: =IF(U55>V55,1,0) -> 0 | AW55: =IF(OR(W55>تنظیمات!$B$8,X55="بله"),1,0) -> 0 | AX55: =IF(AND(N55="بله",L55>تنظیمات!$B$9),1,0) -> 0 | AY55: =IF(Y55="معکوس",1,0) -> 0 | AZ55: =IF(ABS(AJ55)>تنظیمات!$B$10,1,0) -> 0 | BA55: =IF(AND(OR(AD55="رایگان/VIP",AD55="جانباز"),AF55="خیر"),1,0) -> 0 | BB55: =IF(AE55="",0,IF(COUNTIF($AE$2:$AE$1001,AE55)>1,1,0)) -> 0 | BC55: =IF(AND(H55="",I55>تنظیمات!$B$12*60,AM55="خالی"),1,0) -> 0 | BD55: =IF(AND(AP55="بله",I55<تنظیمات!$B$14,AO55="خیر"),1,0) -> 0 | BE55: =IF(AN55="خیر",1,0) -> 0 | BF55: =IF(AND(AD55="فیش مفقودی",AQ55="بله",I55>تنظیمات!$B$12*60),1,0) -> 0 | BG55: =IF(AND(AK55>تنظیمات!$B$11,AL55="بله"),1,0) -> 0 | BH55: =MIN(100,AR55*تنظیمات!$B$21+AS55*تنظیمات!$B$22+AT55*تنظیمات!$B$23+AU55*تنظیمات!$B$24+AV55*تنظیمات!$B$25+AW55*تنظیمات!$B$26+AX55*تنظیمات!$B$27+AY55*تنظیمات!$B$28+AZ55*تنظیمات!$B$29+BA55*تنظیمات!$B$30+BB55*تنظیمات!$B$31+BC55*تنظیمات!$B$32+BD55*تنظیمات!$B$33+BE55*تنظیمات!$B$34+BF55*تنظیمات!$B$35+BG55*تنظیمات!$B$36) -> 0 | BI55: =IF(BH55>=60,"بحرانی",IF(BH55>=30,"مشکوک",IF(BH55>0,"هشدار","عادی"))) -> عادی | BJ55: عادی
A56: EV-00055 | B56: 42ق514-27 | D56: دنا پلاس | E56: خاکستری | F56: اقتصادی | G56: 46281.491 | H56: 46281.806 | I56: =IF(H56="",ROUND((تنظیمات!$B$7-G56)*1440,0),ROUND((H56-G56)*1440,0)) -> 453 | J56: E1 | K56: X2 | L56: 0.981 | M56: 0.966 | N56: خیر | O56: OP-04 | P56: عصر | Q56: 46281 | R56: TK-260916-00055 | S56: تسویه‌شده | U56: 1 | V56: 1 | W56: 4.7 | X56: خیر | Y56: عادی | Z56: اشتراک | AD56: اشتراک ماهانه | AF56: =IF(COUNTIF(لیست_سفید!$A$2:$A$21,B56)>0,"بله","خیر") -> خیر | AG56: =IF(H56="","",IF(AD56="فیش مفقودی",تنظیمات!$B$6,(INT(I56/1440)*تنظیمات!$B$5+IF(MOD(I56,1440)<=تنظیمات!$B$2,0,MIN(تنظیمات!$B$5,تنظیمات!$B$3+MAX(0,ROUNDUP((MOD(I56,1440)-60)/60,0))*تنظیمات!$B$4)))*INDEX(تعرفه!$B$2:$B$7,MATCH(AD56,تعرفه!$A$2:$A$7,0)))) -> 0 | AH56: 0 | AI56: =IF(AG56="","",AH56-AG56) -> 0 | AJ56: 0 | AK56: 0 | AL56: خیر | AN56: بله | AO56: بله | AP56: خیر | AR56: =IF(AND(T56<>"",H56<>""),IF(AND((T56-H56)*86400>=0,(T56-H56)*86400<تنظیمات!$B$13),1,0),0) -> 0 | AS56: =IF(Z56="پوز",IF(OR(AB56="",COUNTIF(پوزها!$A$2:$A$5,AA56)=0),1,0),0) -> 0 | AT56: =IF(AI56="",0,IF(AI56>0,1,0)) -> 0 | AU56: =IF(AI56="",0,IF(AI56<0,1,0)) -> 0 | AV56: =IF(U56>V56,1,0) -> 0 | AW56: =IF(OR(W56>تنظیمات!$B$8,X56="بله"),1,0) -> 0 | AX56: =IF(AND(N56="بله",L56>تنظیمات!$B$9),1,0) -> 0 | AY56: =IF(Y56="معکوس",1,0) -> 0 | AZ56: =IF(ABS(AJ56)>تنظیمات!$B$10,1,0) -> 0 | BA56: =IF(AND(OR(AD56="رایگان/VIP",AD56="جانباز"),AF56="خیر"),1,0) -> 0 | BB56: =IF(AE56="",0,IF(COUNTIF($AE$2:$AE$1001,AE56)>1,1,0)) -> 0 | BC56: =IF(AND(H56="",I56>تنظیمات!$B$12*60,AM56="خالی"),1,0) -> 0 | BD56: =IF(AND(AP56="بله",I56<تنظیمات!$B$14,AO56="خیر"),1,0) -> 0 | BE56: =IF(AN56="خیر",1,0) -> 0 | BF56: =IF(AND(AD56="فیش مفقودی",AQ56="بله",I56>تنظیمات!$B$12*60),1,0) -> 0 | BG56: =IF(AND(AK56>تنظیمات!$B$11,AL56="بله"),1,0) -> 0 | BH56: =MIN(100,AR56*تنظیمات!$B$21+AS56*تنظیمات!$B$22+AT56*تنظیمات!$B$23+AU56*تنظیمات!$B$24+AV56*تنظیمات!$B$25+AW56*تنظیمات!$B$26+AX56*تنظیمات!$B$27+AY56*تنظیمات!$B$28+AZ56*تنظیمات!$B$29+BA56*تنظیمات!$B$30+BB56*تنظیمات!$B$31+BC56*تنظیمات!$B$32+BD56*تنظیمات!$B$33+BE56*تنظیمات!$B$34+BF56*تنظیمات!$B$35+BG56*تنظیمات!$B$36) -> 0 | BI56: =IF(BH56>=60,"بحرانی",IF(BH56>=30,"مشکوک",IF(BH56>0,"هشدار","عادی"))) -> عادی | BJ56: عادی
A57: EV-00056 | B57: 39ک793-57 | D57: موتورسیکلت | E57: سفید | F57: اقتصادی | G57: 46281.493 | H57: 46281.556 | I57: =IF(H57="",ROUND((تنظیمات!$B$7-G57)*1440,0),ROUND((H57-G57)*1440,0)) -> 90 | J57: E1 | K57: X1 | L57: 0.958 | M57: 0.938 | N57: خیر | O57: OP-01 | P57: صبح | Q57: 46281 | R57: TK-260916-00056 | S57: تسویه‌شده | U57: 1 | V57: 1 | W57: 5.7 | X57: خیر | Y57: عادی | Z57: نقد | AD57: عادی | AF57: =IF(COUNTIF(لیست_سفید!$A$2:$A$21,B57)>0,"بله","خیر") -> خیر | AG57: =IF(H57="","",IF(AD57="فیش مفقودی",تنظیمات!$B$6,(INT(I57/1440)*تنظیمات!$B$5+IF(MOD(I57,1440)<=تنظیمات!$B$2,0,MIN(تنظیمات!$B$5,تنظیمات!$B$3+MAX(0,ROUNDUP((MOD(I57,1440)-60)/60,0))*تنظیمات!$B$4)))*INDEX(تعرفه!$B$2:$B$7,MATCH(AD57,تعرفه!$A$2:$A$7,0)))) -> 34000 | AH57: 34000 | AI57: =IF(AG57="","",AH57-AG57) -> 0 | AJ57: -4 | AK57: 0 | AL57: خیر | AN57: بله | AO57: بله | AP57: خیر | AR57: =IF(AND(T57<>"",H57<>""),IF(AND((T57-H57)*86400>=0,(T57-H57)*86400<تنظیمات!$B$13),1,0),0) -> 0 | AS57: =IF(Z57="پوز",IF(OR(AB57="",COUNTIF(پوزها!$A$2:$A$5,AA57)=0),1,0),0) -> 0 | AT57: =IF(AI57="",0,IF(AI57>0,1,0)) -> 0 | AU57: =IF(AI57="",0,IF(AI57<0,1,0)) -> 0 | AV57: =IF(U57>V57,1,0) -> 0 | AW57: =IF(OR(W57>تنظیمات!$B$8,X57="بله"),1,0) -> 0 | AX57: =IF(AND(N57="بله",L57>تنظیمات!$B$9),1,0) -> 0 | AY57: =IF(Y57="معکوس",1,0) -> 0 | AZ57: =IF(ABS(AJ57)>تنظیمات!$B$10,1,0) -> 0 | BA57: =IF(AND(OR(AD57="رایگان/VIP",AD57="جانباز"),AF57="خیر"),1,0) -> 0 | BB57: =IF(AE57="",0,IF(COUNTIF($AE$2:$AE$1001,AE57)>1,1,0)) -> 0 | BC57: =IF(AND(H57="",I57>تنظیمات!$B$12*60,AM57="خالی"),1,0) -> 0 | BD57: =IF(AND(AP57="بله",I57<تنظیمات!$B$14,AO57="خیر"),1,0) -> 0 | BE57: =IF(AN57="خیر",1,0) -> 0 | BF57: =IF(AND(AD57="فیش مفقودی",AQ57="بله",I57>تنظیمات!$B$12*60),1,0) -> 0 | BG57: =IF(AND(AK57>تنظیمات!$B$11,AL57="بله"),1,0) -> 0 | BH57: =MIN(100,AR57*تنظیمات!$B$21+AS57*تنظیمات!$B$22+AT57*تنظیمات!$B$23+AU57*تنظیمات!$B$24+AV57*تنظیمات!$B$25+AW57*تنظیمات!$B$26+AX57*تنظیمات!$B$27+AY57*تنظیمات!$B$28+AZ57*تنظیمات!$B$29+BA57*تنظیمات!$B$30+BB57*تنظیمات!$B$31+BC57*تنظیمات!$B$32+BD57*تنظیمات!$B$33+BE57*تنظیمات!$B$34+BF57*تنظیمات!$B$35+BG57*تنظیمات!$B$36) -> 0 | BI57: =IF(BH57>=60,"بحرانی",IF(BH57>=30,"مشکوک",IF(BH57>0,"هشدار","عادی"))) -> عادی | BJ57: عادی
A58: EV-00057 | B58: 30ث582-98 | D58: ساینا S | E58: نقره‌ای | F58: اقتصادی | G58: 46281.494 | H58: 46281.567 | I58: =IF(H58="",ROUND((تنظیمات!$B$7-G58)*1440,0),ROUND((H58-G58)*1440,0)) -> 104 | J58: E1 | K58: X2 | L58: 0.969 | M58: 0.988 | N58: خیر | O58: OP-02 | P58: صبح | Q58: 46281 | R58: TK-260916-00057 | S58: تسویه‌شده | U58: 1 | V58: 1 | W58: 4.4 | X58: خیر | Y58: عادی | Z58: پوز | AA58: T-1002 | AB58: 396162927589 | AC58: 46281.566 | AD58: عادی | AF58: =IF(COUNTIF(لیست_سفید!$A$2:$A$21,B58)>0,"بله","خیر") -> خیر | AG58: =IF(H58="","",IF(AD58="فیش مفقودی",تنظیمات!$B$6,(INT(I58/1440)*تنظیمات!$B$5+IF(MOD(I58,1440)<=تنظیمات!$B$2,0,MIN(تنظیمات!$B$5,تنظیمات!$B$3+MAX(0,ROUNDUP((MOD(I58,1440)-60)/60,0))*تنظیمات!$B$4)))*INDEX(تعرفه!$B$2:$B$7,MATCH(AD58,تعرفه!$A$2:$A$7,0)))) -> 34000 | AH58: 34000 | AI58: =IF(AG58="","",AH58-AG58) -> 0 | AJ58: -1 | AK58: 0 | AL58: خیر | AN58: بله | AO58: بله | AP58: خیر | AR58: =IF(AND(T58<>"",H58<>""),IF(AND((T58-H58)*86400>=0,(T58-H58)*86400<تنظیمات!$B$13),1,0),0) -> 0 | AS58: =IF(Z58="پوز",IF(OR(AB58="",COUNTIF(پوزها!$A$2:$A$5,AA58)=0),1,0),0) -> 0 | AT58: =IF(AI58="",0,IF(AI58>0,1,0)) -> 0 | AU58: =IF(AI58="",0,IF(AI58<0,1,0)) -> 0 | AV58: =IF(U58>V58,1,0) -> 0 | AW58: =IF(OR(W58>تنظیمات!$B$8,X58="بله"),1,0) -> 0 | AX58: =IF(AND(N58="بله",L58>تنظیمات!$B$9),1,0) -> 0 | AY58: =IF(Y58="معکوس",1,0) -> 0 | AZ58: =IF(ABS(AJ58)>تنظیمات!$B$10,1,0) -> 0 | BA58: =IF(AND(OR(AD58="رایگان/VIP",AD58="جانباز"),AF58="خیر"),1,0) -> 0 | BB58: =IF(AE58="",0,IF(COUNTIF($AE$2:$AE$1001,AE58)>1,1,0)) -> 0 | BC58: =IF(AND(H58="",I58>تنظیمات!$B$12*60,AM58="خالی"),1,0) -> 0 | BD58: =IF(AND(AP58="بله",I58<تنظیمات!$B$14,AO58="خیر"),1,0) -> 0 | BE58: =IF(AN58="خیر",1,0) -> 0 | BF58: =IF(AND(AD58="فیش مفقودی",AQ58="بله",I58>تنظیمات!$B$12*60),1,0) -> 0 | BG58: =IF(AND(AK58>تنظیمات!$B$11,AL58="بله"),1,0) -> 0 | BH58: =MIN(100,AR58*تنظیمات!$B$21+AS58*تنظیمات!$B$22+AT58*تنظیمات!$B$23+AU58*تنظیمات!$B$24+AV58*تنظیمات!$B$25+AW58*تنظیمات!$B$26+AX58*تنظیمات!$B$27+AY58*تنظیمات!$B$28+AZ58*تنظیمات!$B$29+BA58*تنظیمات!$B$30+BB58*تنظیمات!$B$31+BC58*تنظیمات!$B$32+BD58*تنظیمات!$B$33+BE58*تنظیمات!$B$34+BF58*تنظیمات!$B$35+BG58*تنظیمات!$B$36) -> 0 | BI58: =IF(BH58>=60,"بحرانی",IF(BH58>=30,"مشکوک",IF(BH58>0,"هشدار","عادی"))) -> عادی | BJ58: عادی
A59: EV-00058 | B59: 87ش953-53 | D59: کیا سراتو | E59: آبی | F59: اقتصادی | G59: 46281.507 | H59: 46281.568 | I59: =IF(H59="",ROUND((تنظیمات!$B$7-G59)*1440,0),ROUND((H59-G59)*1440,0)) -> 88 | J59: E1 | K59: X1 | L59: 0.979 | M59: 0.886 | N59: خیر | O59: OP-01 | P59: صبح | Q59: 46281 | R59: TK-260916-00058 | S59: تسویه‌شده | U59: 1 | V59: 1 | W59: 5.4 | X59: خیر | Y59: عادی | Z59: پوز | AA59: T-1001 | AB59: 646649648376 | AC59: 46281.568 | AD59: عادی | AF59: =IF(COUNTIF(لیست_سفید!$A$2:$A$21,B59)>0,"بله","خیر") -> خیر | AG59: =IF(H59="","",IF(AD59="فیش مفقودی",تنظیمات!$B$6,(INT(I59/1440)*تنظیمات!$B$5+IF(MOD(I59,1440)<=تنظیمات!$B$2,0,MIN(تنظیمات!$B$5,تنظیمات!$B$3+MAX(0,ROUNDUP((MOD(I59,1440)-60)/60,0))*تنظیمات!$B$4)))*INDEX(تعرفه!$B$2:$B$7,MATCH(AD59,تعرفه!$A$2:$A$7,0)))) -> 34000 | AH59: 34000 | AI59: =IF(AG59="","",AH59-AG59) -> 0 | AJ59: 0 | AK59: 0 | AL59: خیر | AN59: بله | AO59: بله | AP59: خیر | AR59: =IF(AND(T59<>"",H59<>""),IF(AND((T59-H59)*86400>=0,(T59-H59)*86400<تنظیمات!$B$13),1,0),0) -> 0 | AS59: =IF(Z59="پوز",IF(OR(AB59="",COUNTIF(پوزها!$A$2:$A$5,AA59)=0),1,0),0) -> 0 | AT59: =IF(AI59="",0,IF(AI59>0,1,0)) -> 0 | AU59: =IF(AI59="",0,IF(AI59<0,1,0)) -> 0 | AV59: =IF(U59>V59,1,0) -> 0 | AW59: =IF(OR(W59>تنظیمات!$B$8,X59="بله"),1,0) -> 0 | AX59: =IF(AND(N59="بله",L59>تنظیمات!$B$9),1,0) -> 0 | AY59: =IF(Y59="معکوس",1,0) -> 0 | AZ59: =IF(ABS(AJ59)>تنظیمات!$B$10,1,0) -> 0 | BA59: =IF(AND(OR(AD59="رایگان/VIP",AD59="جانباز"),AF59="خیر"),1,0) -> 0 | BB59: =IF(AE59="",0,IF(COUNTIF($AE$2:$AE$1001,AE59)>1,1,0)) -> 0 | BC59: =IF(AND(H59="",I59>تنظیمات!$B$12*60,AM59="خالی"),1,0) -> 0 | BD59: =IF(AND(AP59="بله",I59<تنظیمات!$B$14,AO59="خیر"),1,0) -> 0 | BE59: =IF(AN59="خیر",1,0) -> 0 | BF59: =IF(AND(AD59="فیش مفقودی",AQ59="بله",I59>تنظیمات!$B$12*60),1,0) -> 0 | BG59: =IF(AND(AK59>تنظیمات!$B$11,AL59="بله"),1,0) -> 0 | BH59: =MIN(100,AR59*تنظیمات!$B$21+AS59*تنظیمات!$B$22+AT59*تنظیمات!$B$23+AU59*تنظیمات!$B$24+AV59*تنظیمات!$B$25+AW59*تنظیمات!$B$26+AX59*تنظیمات!$B$27+AY59*تنظیمات!$B$28+AZ59*تنظیمات!$B$29+BA59*تنظیمات!$B$30+BB59*تنظیمات!$B$31+BC59*تنظیمات!$B$32+BD59*تنظیمات!$B$33+BE59*تنظیمات!$B$34+BF59*تنظیمات!$B$35+BG59*تنظیمات!$B$36) -> 0 | BI59: =IF(BH59>=60,"بحرانی",IF(BH59>=30,"مشکوک",IF(BH59>0,"هشدار","عادی"))) -> عادی | BJ59: عادی
A60: EV-00059 | B60: 10م549-48 | D60: وانت نیسان | E60: نقره‌ای | F60: اقتصادی | G60: 46281.51 | H60: 46281.801 | I60: =IF(H60="",ROUND((تنظیمات!$B$7-G60)*1440,0),ROUND((H60-G60)*1440,0)) -> 420 | J60: E1 | K60: X1 | L60: 0.934 | M60: 0.876 | N60: خیر | O60: OP-03 | P60: عصر | Q60: 46281 | R60: TK-260916-00059 | S60: تسویه‌شده | U60: 1 | V60: 1 | W60: 5.1 | X60: خیر | Y60: عادی | Z60: اشتراک | AD60: اشتراک ماهانه | AF60: =IF(COUNTIF(لیست_سفید!$A$2:$A$21,B60)>0,"بله","خیر") -> خیر | AG60: =IF(H60="","",IF(AD60="فیش مفقودی",تنظیمات!$B$6,(INT(I60/1440)*تنظیمات!$B$5+IF(MOD(I60,1440)<=تنظیمات!$B$2,0,MIN(تنظیمات!$B$5,تنظیمات!$B$3+MAX(0,ROUNDUP((MOD(I60,1440)-60)/60,0))*تنظیمات!$B$4)))*INDEX(تعرفه!$B$2:$B$7,MATCH(AD60,تعرفه!$A$2:$A$7,0)))) -> 0 | AH60: 0 | AI60: =IF(AG60="","",AH60-AG60) -> 0 | AJ60: 2 | AK60: 0 | AL60: خیر | AN60: بله | AO60: بله | AP60: خیر | AR60: =IF(AND(T60<>"",H60<>""),IF(AND((T60-H60)*86400>=0,(T60-H60)*86400<تنظیمات!$B$13),1,0),0) -> 0 | AS60: =IF(Z60="پوز",IF(OR(AB60="",COUNTIF(پوزها!$A$2:$A$5,AA60)=0),1,0),0) -> 0 | AT60: =IF(AI60="",0,IF(AI60>0,1,0)) -> 0 | AU60: =IF(AI60="",0,IF(AI60<0,1,0)) -> 0 | AV60: =IF(U60>V60,1,0) -> 0 | AW60: =IF(OR(W60>تنظیمات!$B$8,X60="بله"),1,0) -> 0 | AX60: =IF(AND(N60="بله",L60>تنظیمات!$B$9),1,0) -> 0 | AY60: =IF(Y60="معکوس",1,0) -> 0 | AZ60: =IF(ABS(AJ60)>تنظیمات!$B$10,1,0) -> 0 | BA60: =IF(AND(OR(AD60="رایگان/VIP",AD60="جانباز"),AF60="خیر"),1,0) -> 0 | BB60: =IF(AE60="",0,IF(COUNTIF($AE$2:$AE$1001,AE60)>1,1,0)) -> 0 | BC60: =IF(AND(H60="",I60>تنظیمات!$B$12*60,AM60="خالی"),1,0) -> 0 | BD60: =IF(AND(AP60="بله",I60<تنظیمات!$B$14,AO60="خیر"),1,0) -> 0 | BE60: =IF(AN60="خیر",1,0) -> 0 | BF60: =IF(AND(AD60="فیش مفقودی",AQ60="بله",I60>تنظیمات!$B$12*60),1,0) -> 0 | BG60: =IF(AND(AK60>تنظیمات!$B$11,AL60="بله"),1,0) -> 0 | BH60: =MIN(100,AR60*تنظیمات!$B$21+AS60*تنظیمات!$B$22+AT60*تنظیمات!$B$23+AU60*تنظیمات!$B$24+AV60*تنظیمات!$B$25+AW60*تنظیمات!$B$26+AX60*تنظیمات!$B$27+AY60*تنظیمات!$B$28+AZ60*تنظیمات!$B$29+BA60*تنظیمات!$B$30+BB60*تنظیمات!$B$31+BC60*تنظیمات!$B$32+BD60*تنظیمات!$B$33+BE60*تنظیمات!$B$34+BF60*تنظیمات!$B$35+BG60*تنظیمات!$B$36) -> 0 | BI60: =IF(BH60>=60,"بحرانی",IF(BH60>=30,"مشکوک",IF(BH60>0,"هشدار","عادی"))) -> عادی | BJ60: عادی
A61: EV-00060 | B61: 81ب715-14 | D61: هیوندای النترا | E61: قرمز | F61: اقتصادی | G61: 46281.514 | H61: 46281.564 | I61: =IF(H61="",ROUND((تنظیمات!$B$7-G61)*1440,0),ROUND((H61-G61)*1440,0)) -> 71 | J61: E1 | K61: X2 | L61: 0.915 | M61: 0.898 | N61: خیر | O61: OP-02 | P61: صبح | Q61: 46281 | R61: TK-260916-00060 | S61: تسویه‌شده | U61: 1 | V61: 1 | W61: 4.7 | X61: خیر | Y61: عادی | Z61: پوز | AA61: T-1002 | AB61: 097095894272 | AC61: 46281.563 | AD61: عادی | AF61: =IF(COUNTIF(لیست_سفید!$A$2:$A$21,B61)>0,"بله","خیر") -> خیر | AG61: =IF(H61="","",IF(AD61="فیش مفقودی",تنظیمات!$B$6,(INT(I61/1440)*تنظیمات!$B$5+IF(MOD(I61,1440)<=تنظیمات!$B$2,0,MIN(تنظیمات!$B$5,تنظیمات!$B$3+MAX(0,ROUNDUP((MOD(I61,1440)-60)/60,0))*تنظیمات!$B$4)))*INDEX(تعرفه!$B$2:$B$7,MATCH(AD61,تعرفه!$A$2:$A$7,0)))) -> 34000 | AH61: 34000 | AI61: =IF(AG61="","",AH61-AG61) -> 0 | AJ61: 0 | AK61: 0 | AL61: خیر | AN61: بله | AO61: بله | AP61: خیر | AR61: =IF(AND(T61<>"",H61<>""),IF(AND((T61-H61)*86400>=0,(T61-H61)*86400<تنظیمات!$B$13),1,0),0) -> 0 | AS61: =IF(Z61="پوز",IF(OR(AB61="",COUNTIF(پوزها!$A$2:$A$5,AA61)=0),1,0),0) -> 0 | AT61: =IF(AI61="",0,IF(AI61>0,1,0)) -> 0 | AU61: =IF(AI61="",0,IF(AI61<0,1,0)) -> 0 | AV61: =IF(U61>V61,1,0) -> 0 | AW61: =IF(OR(W61>تنظیمات!$B$8,X61="بله"),1,0) -> 0 | AX61: =IF(AND(N61="بله",L61>تنظیمات!$B$9),1,0) -> 0 | AY61: =IF(Y61="معکوس",1,0) -> 0 | AZ61: =IF(ABS(AJ61)>تنظیمات!$B$10,1,0) -> 0 | BA61: =IF(AND(OR(AD61="رایگان/VIP",AD61="جانباز"),AF61="خیر"),1,0) -> 0 | BB61: =IF(AE61="",0,IF(COUNTIF($AE$2:$AE$1001,AE61)>1,1,0)) -> 0 | BC61: =IF(AND(H61="",I61>تنظیمات!$B$12*60,AM61="خالی"),1,0) -> 0 | BD61: =IF(AND(AP61="بله",I61<تنظیمات!$B$14,AO61="خیر"),1,0) -> 0 | BE61: =IF(AN61="خیر",1,0) -> 0 | BF61: =IF(AND(AD61="فیش مفقودی",AQ61="بله",I61>تنظیمات!$B$12*60),1,0) -> 0 | BG61: =IF(AND(AK61>تنظیمات!$B$11,AL61="بله"),1,0) -> 0 | BH61: =MIN(100,AR61*تنظیمات!$B$21+AS61*تنظیمات!$B$22+AT61*تنظیمات!$B$23+AU61*تنظیمات!$B$24+AV61*تنظیمات!$B$25+AW61*تنظیمات!$B$26+AX61*تنظیمات!$B$27+AY61*تنظیمات!$B$28+AZ61*تنظیمات!$B$29+BA61*تنظیمات!$B$30+BB61*تنظیمات!$B$31+BC61*تنظیمات!$B$32+BD61*تنظیمات!$B$33+BE61*تنظیمات!$B$34+BF61*تنظیمات!$B$35+BG61*تنظیمات!$B$36) -> 0 | BI61: =IF(BH61>=60,"بحرانی",IF(BH61>=30,"مشکوک",IF(BH61>0,"هشدار","عادی"))) -> عادی | BJ61: عادی
A62: EV-00061 | B62: 20ج319-55 | D62: پژو 206 | E62: خاکستری | F62: اقتصادی | G62: 46281.516 | H62: 46281.556 | I62: =IF(H62="",ROUND((تنظیمات!$B$7-G62)*1440,0),ROUND((H62-G62)*1440,0)) -> 57 | J62: E2 | K62: X2 | L62: 0.949 | M62: 0.992 | N62: خیر | O62: OP-02 | P62: صبح | Q62: 46281 | R62: TK-260916-00061 | S62: تسویه‌شده | U62: 1 | V62: 1 | W62: 6.8 | X62: خیر | Y62: عادی | Z62: پوز | AA62: T-1002 | AB62: 920603728017 | AC62: 46281.555 | AD62: عادی | AF62: =IF(COUNTIF(لیست_سفید!$A$2:$A$21,B62)>0,"بله","خیر") -> خیر | AG62: =IF(H62="","",IF(AD62="فیش مفقودی",تنظیمات!$B$6,(INT(I62/1440)*تنظیمات!$B$5+IF(MOD(I62,1440)<=تنظیمات!$B$2,0,MIN(تنظیمات!$B$5,تنظیمات!$B$3+MAX(0,ROUNDUP((MOD(I62,1440)-60)/60,0))*تنظیمات!$B$4)))*INDEX(تعرفه!$B$2:$B$7,MATCH(AD62,تعرفه!$A$2:$A$7,0)))) -> 20000 | AH62: 20000 | AI62: =IF(AG62="","",AH62-AG62) -> 0 | AJ62: -1 | AK62: 0 | AL62: خیر | AN62: بله | AO62: بله | AP62: خیر | AR62: =IF(AND(T62<>"",H62<>""),IF(AND((T62-H62)*86400>=0,(T62-H62)*86400<تنظیمات!$B$13),1,0),0) -> 0 | AS62: =IF(Z62="پوز",IF(OR(AB62="",COUNTIF(پوزها!$A$2:$A$5,AA62)=0),1,0),0) -> 0 | AT62: =IF(AI62="",0,IF(AI62>0,1,0)) -> 0 | AU62: =IF(AI62="",0,IF(AI62<0,1,0)) -> 0 | AV62: =IF(U62>V62,1,0) -> 0 | AW62: =IF(OR(W62>تنظیمات!$B$8,X62="بله"),1,0) -> 0 | AX62: =IF(AND(N62="بله",L62>تنظیمات!$B$9),1,0) -> 0 | AY62: =IF(Y62="معکوس",1,0) -> 0 | AZ62: =IF(ABS(AJ62)>تنظیمات!$B$10,1,0) -> 0 | BA62: =IF(AND(OR(AD62="رایگان/VIP",AD62="جانباز"),AF62="خیر"),1,0) -> 0 | BB62: =IF(AE62="",0,IF(COUNTIF($AE$2:$AE$1001,AE62)>1,1,0)) -> 0 | BC62: =IF(AND(H62="",I62>تنظیمات!$B$12*60,AM62="خالی"),1,0) -> 0 | BD62: =IF(AND(AP62="بله",I62<تنظیمات!$B$14,AO62="خیر"),1,0) -> 0 | BE62: =IF(AN62="خیر",1,0) -> 0 | BF62: =IF(AND(AD62="فیش مفقودی",AQ62="بله",I62>تنظیمات!$B$12*60),1,0) -> 0 | BG62: =IF(AND(AK62>تنظیمات!$B$11,AL62="بله"),1,0) -> 0 | BH62: =MIN(100,AR62*تنظیمات!$B$21+AS62*تنظیمات!$B$22+AT62*تنظیمات!$B$23+AU62*تنظیمات!$B$24+AV62*تنظیمات!$B$25+AW62*تنظیمات!$B$26+AX62*تنظیمات!$B$27+AY62*تنظیمات!$B$28+AZ62*تنظیمات!$B$29+BA62*تنظیمات!$B$30+BB62*تنظیمات!$B$31+BC62*تنظیمات!$B$32+BD62*تنظیمات!$B$33+BE62*تنظیمات!$B$34+BF62*تنظیمات!$B$35+BG62*تنظیمات!$B$36) -> 0 | BI62: =IF(BH62>=60,"بحرانی",IF(BH62>=30,"مشکوک",IF(BH62>0,"هشدار","عادی"))) -> عادی | BJ62: عادی
A63: EV-00062 | B63: 91ث598-47 | D63: موتورسیکلت | E63: آبی | F63: اقتصادی | G63: 46281.526 | H63: 46281.572 | I63: =IF(H63="",ROUND((تنظیمات!$B$7-G63)*1440,0),ROUND((H63-G63)*1440,0)) -> 67 | J63: E2 | K63: X2 | L63: 0.88 | M63: 0.99 | N63: خیر | O63: OP-02 | P63: صبح | Q63: 46281 | R63: TK-260916-00062 | S63: تسویه‌شده | U63: 1 | V63: 1 | W63: 6.1 | X63: خیر | Y63: عادی | Z63: نقد | AD63: عادی | AF63: =IF(COUNTIF(لیست_سفید!$A$2:$A$21,B63)>0,"بله","خیر") -> خیر | AG63: =IF(H63="","",IF(AD63="فیش مفقودی",تنظیمات!$B$6,(INT(I63/1440)*تنظیمات!$B$5+IF(MOD(I63,1440)<=تنظیمات!$B$2,0,MIN(تنظیمات!$B$5,تنظیمات!$B$3+MAX(0,ROUNDUP((MOD(I63,1440)-60)/60,0))*تنظیمات!$B$4)))*INDEX(تعرفه!$B$2:$B$7,MATCH(AD63,تعرفه!$A$2:$A$7,0)))) -> 34000 | AH63: 34000 | AI63: =IF(AG63="","",AH63-AG63) -> 0 | AJ63: -3 | AK63: 0 | AL63: خیر | AN63: بله | AO63: بله | AP63: خیر | AR63: =IF(AND(T63<>"",H63<>""),IF(AND((T63-H63)*86400>=0,(T63-H63)*86400<تنظیمات!$B$13),1,0),0) -> 0 | AS63: =IF(Z63="پوز",IF(OR(AB63="",COUNTIF(پوزها!$A$2:$A$5,AA63)=0),1,0),0) -> 0 | AT63: =IF(AI63="",0,IF(AI63>0,1,0)) -> 0 | AU63: =IF(AI63="",0,IF(AI63<0,1,0)) -> 0 | AV63: =IF(U63>V63,1,0) -> 0 | AW63: =IF(OR(W63>تنظیمات!$B$8,X63="بله"),1,0) -> 0 | AX63: =IF(AND(N63="بله",L63>تنظیمات!$B$9),1,0) -> 0 | AY63: =IF(Y63="معکوس",1,0) -> 0 | AZ63: =IF(ABS(AJ63)>تنظیمات!$B$10,1,0) -> 0 | BA63: =IF(AND(OR(AD63="رایگان/VIP",AD63="جانباز"),AF63="خیر"),1,0) -> 0 | BB63: =IF(AE63="",0,IF(COUNTIF($AE$2:$AE$1001,AE63)>1,1,0)) -> 0 | BC63: =IF(AND(H63="",I63>تنظیمات!$B$12*60,AM63="خالی"),1,0) -> 0 | BD63: =IF(AND(AP63="بله",I63<تنظیمات!$B$14,AO63="خیر"),1,0) -> 0 | BE63: =IF(AN63="خیر",1,0) -> 0 | BF63: =IF(AND(AD63="فیش مفقودی",AQ63="بله",I63>تنظیمات!$B$12*60),1,0) -> 0 | BG63: =IF(AND(AK63>تنظیمات!$B$11,AL63="بله"),1,0) -> 0 | BH63: =MIN(100,AR63*تنظیمات!$B$21+AS63*تنظیمات!$B$22+AT63*تنظیمات!$B$23+AU63*تنظیمات!$B$24+AV63*تنظیمات!$B$25+AW63*تنظیمات!$B$26+AX63*تنظیمات!$B$27+AY63*تنظیمات!$B$28+AZ63*تنظیمات!$B$29+BA63*تنظیمات!$B$30+BB63*تنظیمات!$B$31+BC63*تنظیمات!$B$32+BD63*تنظیمات!$B$33+BE63*تنظیمات!$B$34+BF63*تنظیمات!$B$35+BG63*تنظیمات!$B$36) -> 0 | BI63: =IF(BH63>=60,"بحرانی",IF(BH63>=30,"مشکوک",IF(BH63>0,"هشدار","عادی"))) -> عادی | BJ63: عادی
A64: EV-00063 | B64: 63ب954-93 | D64: سمند LX | E64: آبی | F64: اقتصادی | G64: 46281.545 | H64: 46281.613 | I64: =IF(H64="",ROUND((تنظیمات!$B$7-G64)*1440,0),ROUND((H64-G64)*1440,0)) -> 98 | J64: E1 | K64: X2 | L64: 0.995 | M64: 0.901 | N64: خیر | O64: OP-04 | P64: عصر | Q64: 46281 | R64: TK-260916-00063 | S64: تسویه‌شده | U64: 1 | V64: 1 | W64: 6.7 | X64: خیر | Y64: عادی | Z64: نقد | AD64: عادی | AF64: =IF(COUNTIF(لیست_سفید!$A$2:$A$21,B64)>0,"بله","خیر") -> خیر | AG64: =IF(H64="","",IF(AD64="فیش مفقودی",تنظیمات!$B$6,(INT(I64/1440)*تنظیمات!$B$5+IF(MOD(I64,1440)<=تنظیمات!$B$2,0,MIN(تنظیمات!$B$5,تنظیمات!$B$3+MAX(0,ROUNDUP((MOD(I64,1440)-60)/60,0))*تنظیمات!$B$4)))*INDEX(تعرفه!$B$2:$B$7,MATCH(AD64,تعرفه!$A$2:$A$7,0)))) -> 34000 | AH64: 34000 | AI64: =IF(AG64="","",AH64-AG64) -> 0 | AJ64: 2 | AK64: 0 | AL64: خیر | AN64: بله | AO64: بله | AP64: خیر | AR64: =IF(AND(T64<>"",H64<>""),IF(AND((T64-H64)*86400>=0,(T64-H64)*86400<تنظیمات!$B$13),1,0),0) -> 0 | AS64: =IF(Z64="پوز",IF(OR(AB64="",COUNTIF(پوزها!$A$2:$A$5,AA64)=0),1,0),0) -> 0 | AT64: =IF(AI64="",0,IF(AI64>0,1,0)) -> 0 | AU64: =IF(AI64="",0,IF(AI64<0,1,0)) -> 0 | AV64: =IF(U64>V64,1,0) -> 0 | AW64: =IF(OR(W64>تنظیمات!$B$8,X64="بله"),1,0) -> 0 | AX64: =IF(AND(N64="بله",L64>تنظیمات!$B$9),1,0) -> 0 | AY64: =IF(Y64="معکوس",1,0) -> 0 | AZ64: =IF(ABS(AJ64)>تنظیمات!$B$10,1,0) -> 0 | BA64: =IF(AND(OR(AD64="رایگان/VIP",AD64="جانباز"),AF64="خیر"),1,0) -> 0 | BB64: =IF(AE64="",0,IF(COUNTIF($AE$2:$AE$1001,AE64)>1,1,0)) -> 0 | BC64: =IF(AND(H64="",I64>تنظیمات!$B$12*60,AM64="خالی"),1,0) -> 0 | BD64: =IF(AND(AP64="بله",I64<تنظیمات!$B$14,AO64="خیر"),1,0) -> 0 | BE64: =IF(AN64="خیر",1,0) -> 0 | BF64: =IF(AND(AD64="فیش مفقودی",AQ64="بله",I64>تنظیمات!$B$12*60),1,0) -> 0 | BG64: =IF(AND(AK64>تنظیمات!$B$11,AL64="بله"),1,0) -> 0 | BH64: =MIN(100,AR64*تنظیمات!$B$21+AS64*تنظیمات!$B$22+AT64*تنظیمات!$B$23+AU64*تنظیمات!$B$24+AV64*تنظیمات!$B$25+AW64*تنظیمات!$B$26+AX64*تنظیمات!$B$27+AY64*تنظیمات!$B$28+AZ64*تنظیمات!$B$29+BA64*تنظیمات!$B$30+BB64*تنظیمات!$B$31+BC64*تنظیمات!$B$32+BD64*تنظیمات!$B$33+BE64*تنظیمات!$B$34+BF64*تنظیمات!$B$35+BG64*تنظیمات!$B$36) -> 0 | BI64: =IF(BH64>=60,"بحرانی",IF(BH64>=30,"مشکوک",IF(BH64>0,"هشدار","عادی"))) -> عادی | BJ64: عادی
A65: EV-00064 | B65: 36م672-93 | D65: هیوندای النترا | E65: مشکی | F65: اقتصادی | G65: 46281.546 | H65: 46281.644 | I65: =IF(H65="",ROUND((تنظیمات!$B$7-G65)*1440,0),ROUND((H65-G65)*1440,0)) -> 141 | J65: E1 | K65: X1 | L65: 0.955 | M65: 0.974 | N65: خیر | O65: OP-03 | P65: عصر | Q65: 46281 | R65: TK-260916-00064 | S65: تسویه‌شده | U65: 1 | V65: 1 | W65: 7.4 | X65: خیر | Y65: عادی | Z65: معاف | AD65: جانباز | AF65: =IF(COUNTIF(لیست_سفید!$A$2:$A$21,B65)>0,"بله","خیر") -> بله | AG65: =IF(H65="","",IF(AD65="فیش مفقودی",تنظیمات!$B$6,(INT(I65/1440)*تنظیمات!$B$5+IF(MOD(I65,1440)<=تنظیمات!$B$2,0,MIN(تنظیمات!$B$5,تنظیمات!$B$3+MAX(0,ROUNDUP((MOD(I65,1440)-60)/60,0))*تنظیمات!$B$4)))*INDEX(تعرفه!$B$2:$B$7,MATCH(AD65,تعرفه!$A$2:$A$7,0)))) -> 0 | AH65: 0 | AI65: =IF(AG65="","",AH65-AG65) -> 0 | AJ65: 1 | AK65: 0 | AL65: خیر | AN65: بله | AO65: بله | AP65: خیر | AR65: =IF(AND(T65<>"",H65<>""),IF(AND((T65-H65)*86400>=0,(T65-H65)*86400<تنظیمات!$B$13),1,0),0) -> 0 | AS65: =IF(Z65="پوز",IF(OR(AB65="",COUNTIF(پوزها!$A$2:$A$5,AA65)=0),1,0),0) -> 0 | AT65: =IF(AI65="",0,IF(AI65>0,1,0)) -> 0 | AU65: =IF(AI65="",0,IF(AI65<0,1,0)) -> 0 | AV65: =IF(U65>V65,1,0) -> 0 | AW65: =IF(OR(W65>تنظیمات!$B$8,X65="بله"),1,0) -> 0 | AX65: =IF(AND(N65="بله",L65>تنظیمات!$B$9),1,0) -> 0 | AY65: =IF(Y65="معکوس",1,0) -> 0 | AZ65: =IF(ABS(AJ65)>تنظیمات!$B$10,1,0) -> 0 | BA65: =IF(AND(OR(AD65="رایگان/VIP",AD65="جانباز"),AF65="خیر"),1,0) -> 0 | BB65: =IF(AE65="",0,IF(COUNTIF($AE$2:$AE$1001,AE65)>1,1,0)) -> 0 | BC65: =IF(AND(H65="",I65>تنظیمات!$B$12*60,AM65="خالی"),1,0) -> 0 | BD65: =IF(AND(AP65="بله",I65<تنظیمات!$B$14,AO65="خیر"),1,0) -> 0 | BE65: =IF(AN65="خیر",1,0) -> 0 | BF65: =IF(AND(AD65="فیش مفقودی",AQ65="بله",I65>تنظیمات!$B$12*60),1,0) -> 0 | BG65: =IF(AND(AK65>تنظیمات!$B$11,AL65="بله"),1,0) -> 0 | BH65: =MIN(100,AR65*تنظیمات!$B$21+AS65*تنظیمات!$B$22+AT65*تنظیمات!$B$23+AU65*تنظیمات!$B$24+AV65*تنظیمات!$B$25+AW65*تنظیمات!$B$26+AX65*تنظیمات!$B$27+AY65*تنظیمات!$B$28+AZ65*تنظیمات!$B$29+BA65*تنظیمات!$B$30+BB65*تنظیمات!$B$31+BC65*تنظیمات!$B$32+BD65*تنظیمات!$B$33+BE65*تنظیمات!$B$34+BF65*تنظیمات!$B$35+BG65*تنظیمات!$B$36) -> 0 | BI65: =IF(BH65>=60,"بحرانی",IF(BH65>=30,"مشکوک",IF(BH65>0,"هشدار","عادی"))) -> عادی | BJ65: عادی
A66: EV-00065 | B66: 20ل119-72 | D66: تیبا 2 | E66: نقره‌ای | F66: اقتصادی | G66: 46281.585 | H66: 46281.628 | I66: =IF(H66="",ROUND((تنظیمات!$B$7-G66)*1440,0),ROUND((H66-G66)*1440,0)) -> 61 | J66: E1 | K66: X1 | L66: 0.944 | M66: 0.991 | N66: خیر | O66: OP-03 | P66: عصر | Q66: 46281 | R66: TK-260916-00065 | S66: ابطال‌شده | T66: 46281.629 | U66: 1 | V66: 1 | W66: 5 | X66: خیر | Y66: عادی | Z66: نقد | AD66: عادی | AF66: =IF(COUNTIF(لیست_سفید!$A$2:$A$21,B66)>0,"بله","خیر") -> خیر | AG66: =IF(H66="","",IF(AD66="فیش مفقودی",تنظیمات!$B$6,(INT(I66/1440)*تنظیمات!$B$5+IF(MOD(I66,1440)<=تنظیمات!$B$2,0,MIN(تنظیمات!$B$5,تنظیمات!$B$3+MAX(0,ROUNDUP((MOD(I66,1440)-60)/60,0))*تنظیمات!$B$4)))*INDEX(تعرفه!$B$2:$B$7,MATCH(AD66,تعرفه!$A$2:$A$7,0)))) -> 34000 | AH66: 0 | AI66: =IF(AG66="","",AH66-AG66) -> -34000 | AJ66: 2 | AK66: 0 | AL66: خیر | AN66: بله | AO66: بله | AP66: خیر | AR66: =IF(AND(T66<>"",H66<>""),IF(AND((T66-H66)*86400>=0,(T66-H66)*86400<تنظیمات!$B$13),1,0),0) -> 1 | AS66: =IF(Z66="پوز",IF(OR(AB66="",COUNTIF(پوزها!$A$2:$A$5,AA66)=0),1,0),0) -> 0 | AT66: =IF(AI66="",0,IF(AI66>0,1,0)) -> 0 | AU66: =IF(AI66="",0,IF(AI66<0,1,0)) -> 1 | AV66: =IF(U66>V66,1,0) -> 0 | AW66: =IF(OR(W66>تنظیمات!$B$8,X66="بله"),1,0) -> 0 | AX66: =IF(AND(N66="بله",L66>تنظیمات!$B$9),1,0) -> 0 | AY66: =IF(Y66="معکوس",1,0) -> 0 | AZ66: =IF(ABS(AJ66)>تنظیمات!$B$10,1,0) -> 0 | BA66: =IF(AND(OR(AD66="رایگان/VIP",AD66="جانباز"),AF66="خیر"),1,0) -> 0 | BB66: =IF(AE66="",0,IF(COUNTIF($AE$2:$AE$1001,AE66)>1,1,0)) -> 0 | BC66: =IF(AND(H66="",I66>تنظیمات!$B$12*60,AM66="خالی"),1,0) -> 0 | BD66: =IF(AND(AP66="بله",I66<تنظیمات!$B$14,AO66="خیر"),1,0) -> 0 | BE66: =IF(AN66="خیر",1,0) -> 0 | BF66: =IF(AND(AD66="فیش مفقودی",AQ66="بله",I66>تنظیمات!$B$12*60),1,0) -> 0 | BG66: =IF(AND(AK66>تنظیمات!$B$11,AL66="بله"),1,0) -> 0 | BH66: =MIN(100,AR66*تنظیمات!$B$21+AS66*تنظیمات!$B$22+AT66*تنظیمات!$B$23+AU66*تنظیمات!$B$24+AV66*تنظیمات!$B$25+AW66*تنظیمات!$B$26+AX66*تنظیمات!$B$27+AY66*تنظیمات!$B$28+AZ66*تنظیمات!$B$29+BA66*تنظیمات!$B$30+BB66*تنظیمات!$B$31+BC66*تنظیمات!$B$32+BD66*تنظیمات!$B$33+BE66*تنظیمات!$B$34+BF66*تنظیمات!$B$35+BG66*تنظیمات!$B$36) -> 65 | BI66: =IF(BH66>=60,"بحرانی",IF(BH66>=30,"مشکوک",IF(BH66>0,"هشدار","عادی"))) -> بحرانی | BJ66: ابطال فیش پس از خروج
A67: EV-00066 | B67: 81ب715-14 | D67: هیوندای النترا | E67: قرمز | F67: اقتصادی | G67: 46281.615 | H67: 46281.689 | I67: =IF(H67="",ROUND((تنظیمات!$B$7-G67)*1440,0),ROUND((H67-G67)*1440,0)) -> 106 | J67: E1 | K67: X1 | L67: 0.938 | M67: 0.918 | N67: خیر | O67: OP-03 | P67: عصر | Q67: 46281 | R67: TK-260916-00066 | S67: تسویه‌شده | U67: 1 | V67: 1 | W67: 6.8 | X67: خیر | Y67: عادی | Z67: نقد | AD67: عادی | AF67: =IF(COUNTIF(لیست_سفید!$A$2:$A$21,B67)>0,"بله","خیر") -> خیر | AG67: =IF(H67="","",IF(AD67="فیش مفقودی",تنظیمات!$B$6,(INT(I67/1440)*تنظیمات!$B$5+IF(MOD(I67,1440)<=تنظیمات!$B$2,0,MIN(تنظیمات!$B$5,تنظیمات!$B$3+MAX(0,ROUNDUP((MOD(I67,1440)-60)/60,0))*تنظیمات!$B$4)))*INDEX(تعرفه!$B$2:$B$7,MATCH(AD67,تعرفه!$A$2:$A$7,0)))) -> 34000 | AH67: 20000 | AI67: =IF(AG67="","",AH67-AG67) -> -14000 | AJ67: 0 | AK67: 0 | AL67: خیر | AN67: بله | AO67: بله | AP67: خیر | AR67: =IF(AND(T67<>"",H67<>""),IF(AND((T67-H67)*86400>=0,(T67-H67)*86400<تنظیمات!$B$13),1,0),0) -> 0 | AS67: =IF(Z67="پوز",IF(OR(AB67="",COUNTIF(پوزها!$A$2:$A$5,AA67)=0),1,0),0) -> 0 | AT67: =IF(AI67="",0,IF(AI67>0,1,0)) -> 0 | AU67: =IF(AI67="",0,IF(AI67<0,1,0)) -> 1 | AV67: =IF(U67>V67,1,0) -> 0 | AW67: =IF(OR(W67>تنظیمات!$B$8,X67="بله"),1,0) -> 0 | AX67: =IF(AND(N67="بله",L67>تنظیمات!$B$9),1,0) -> 0 | AY67: =IF(Y67="معکوس",1,0) -> 0 | AZ67: =IF(ABS(AJ67)>تنظیمات!$B$10,1,0) -> 0 | BA67: =IF(AND(OR(AD67="رایگان/VIP",AD67="جانباز"),AF67="خیر"),1,0) -> 0 | BB67: =IF(AE67="",0,IF(COUNTIF($AE$2:$AE$1001,AE67)>1,1,0)) -> 0 | BC67: =IF(AND(H67="",I67>تنظیمات!$B$12*60,AM67="خالی"),1,0) -> 0 | BD67: =IF(AND(AP67="بله",I67<تنظیمات!$B$14,AO67="خیر"),1,0) -> 0 | BE67: =IF(AN67="خیر",1,0) -> 0 | BF67: =IF(AND(AD67="فیش مفقودی",AQ67="بله",I67>تنظیمات!$B$12*60),1,0) -> 0 | BG67: =IF(AND(AK67>تنظیمات!$B$11,AL67="بله"),1,0) -> 0 | BH67: =MIN(100,AR67*تنظیمات!$B$21+AS67*تنظیمات!$B$22+AT67*تنظیمات!$B$23+AU67*تنظیمات!$B$24+AV67*تنظیمات!$B$25+AW67*تنظیمات!$B$26+AX67*تنظیمات!$B$27+AY67*تنظیمات!$B$28+AZ67*تنظیمات!$B$29+BA67*تنظیمات!$B$30+BB67*تنظیمات!$B$31+BC67*تنظیمات!$B$32+BD67*تنظیمات!$B$33+BE67*تنظیمات!$B$34+BF67*تنظیمات!$B$35+BG67*تنظیمات!$B$36) -> 25 | BI67: =IF(BH67>=60,"بحرانی",IF(BH67>=30,"مشکوک",IF(BH67>0,"هشدار","عادی"))) -> هشدار | BJ67: کم‌ثبتی نقد (برداشت از دخل)
A68: EV-00067 | B68: 62ب212-79 | D68: پژو 206 | E68: مشکی | F68: اقتصادی | G68: 46281.63 | H68: 46281.645 | I68: =IF(H68="",ROUND((تنظیمات!$B$7-G68)*1440,0),ROUND((H68-G68)*1440,0)) -> 22 | J68: E2 | K68: X2 | L68: 0.995 | M68: 0.941 | N68: خیر | O68: OP-04 | P68: عصر | Q68: 46281 | R68: TK-260916-00067 | S68: تسویه‌شده | U68: 1 | V68: 1 | W68: 5.1 | X68: خیر | Y68: عادی | Z68: پوز | AA68: T-1002 | AB68: 439495293227 | AC68: 46281.645 | AD68: عادی | AF68: =IF(COUNTIF(لیست_سفید!$A$2:$A$21,B68)>0,"بله","خیر") -> خیر | AG68: =IF(H68="","",IF(AD68="فیش مفقودی",تنظیمات!$B$6,(INT(I68/1440)*تنظیمات!$B$5+IF(MOD(I68,1440)<=تنظیمات!$B$2,0,MIN(تنظیمات!$B$5,تنظیمات!$B$3+MAX(0,ROUNDUP((MOD(I68,1440)-60)/60,0))*تنظیمات!$B$4)))*INDEX(تعرفه!$B$2:$B$7,MATCH(AD68,تعرفه!$A$2:$A$7,0)))) -> 20000 | AH68: 20000 | AI68: =IF(AG68="","",AH68-AG68) -> 0 | AJ68: -1 | AK68: 0 | AL68: خیر | AN68: بله | AO68: بله | AP68: خیر | AR68: =IF(AND(T68<>"",H68<>""),IF(AND((T68-H68)*86400>=0,(T68-H68)*86400<تنظیمات!$B$13),1,0),0) -> 0 | AS68: =IF(Z68="پوز",IF(OR(AB68="",COUNTIF(پوزها!$A$2:$A$5,AA68)=0),1,0),0) -> 0 | AT68: =IF(AI68="",0,IF(AI68>0,1,0)) -> 0 | AU68: =IF(AI68="",0,IF(AI68<0,1,0)) -> 0 | AV68: =IF(U68>V68,1,0) -> 0 | AW68: =IF(OR(W68>تنظیمات!$B$8,X68="بله"),1,0) -> 0 | AX68: =IF(AND(N68="بله",L68>تنظیمات!$B$9),1,0) -> 0 | AY68: =IF(Y68="معکوس",1,0) -> 0 | AZ68: =IF(ABS(AJ68)>تنظیمات!$B$10,1,0) -> 0 | BA68: =IF(AND(OR(AD68="رایگان/VIP",AD68="جانباز"),AF68="خیر"),1,0) -> 0 | BB68: =IF(AE68="",0,IF(COUNTIF($AE$2:$AE$1001,AE68)>1,1,0)) -> 0 | BC68: =IF(AND(H68="",I68>تنظیمات!$B$12*60,AM68="خالی"),1,0) -> 0 | BD68: =IF(AND(AP68="بله",I68<تنظیمات!$B$14,AO68="خیر"),1,0) -> 0 | BE68: =IF(AN68="خیر",1,0) -> 0 | BF68: =IF(AND(AD68="فیش مفقودی",AQ68="بله",I68>تنظیمات!$B$12*60),1,0) -> 0 | BG68: =IF(AND(AK68>تنظیمات!$B$11,AL68="بله"),1,0) -> 0 | BH68: =MIN(100,AR68*تنظیمات!$B$21+AS68*تنظیمات!$B$22+AT68*تنظیمات!$B$23+AU68*تنظیمات!$B$24+AV68*تنظیمات!$B$25+AW68*تنظیمات!$B$26+AX68*تنظیمات!$B$27+AY68*تنظیمات!$B$28+AZ68*تنظیمات!$B$29+BA68*تنظیمات!$B$30+BB68*تنظیمات!$B$31+BC68*تنظیمات!$B$32+BD68*تنظیمات!$B$33+BE68*تنظیمات!$B$34+BF68*تنظیمات!$B$35+BG68*تنظیمات!$B$36) -> 0 | BI68: =IF(BH68>=60,"بحرانی",IF(BH68>=30,"مشکوک",IF(BH68>0,"هشدار","عادی"))) -> عادی | BJ68: عادی
A69: EV-00068 | B69: 48ق575-98 | D69: ساینا S | E69: خاکستری | F69: اقتصادی | G69: 46281.7 | H69: 46281.766 | I69: =IF(H69="",ROUND((تنظیمات!$B$7-G69)*1440,0),ROUND((H69-G69)*1440,0)) -> 95 | J69: E1 | K69: X1 | L69: 0.91 | M69: 0.972 | N69: خیر | O69: OP-03 | P69: عصر | Q69: 46281 | R69: TK-260916-00068 | S69: تسویه‌شده | U69: 1 | V69: 1 | W69: 6 | X69: خیر | Y69: عادی | Z69: نقد | AD69: عادی | AF69: =IF(COUNTIF(لیست_سفید!$A$2:$A$21,B69)>0,"بله","خیر") -> خیر | AG69: =IF(H69="","",IF(AD69="فیش مفقودی",تنظیمات!$B$6,(INT(I69/1440)*تنظیمات!$B$5+IF(MOD(I69,1440)<=تنظیمات!$B$2,0,MIN(تنظیمات!$B$5,تنظیمات!$B$3+MAX(0,ROUNDUP((MOD(I69,1440)-60)/60,0))*تنظیمات!$B$4)))*INDEX(تعرفه!$B$2:$B$7,MATCH(AD69,تعرفه!$A$2:$A$7,0)))) -> 34000 | AH69: 21000 | AI69: =IF(AG69="","",AH69-AG69) -> -13000 | AJ69: 5 | AK69: 0 | AL69: خیر | AN69: بله | AO69: بله | AP69: خیر | AR69: =IF(AND(T69<>"",H69<>""),IF(AND((T69-H69)*86400>=0,(T69-H69)*86400<تنظیمات!$B$13),1,0),0) -> 0 | AS69: =IF(Z69="پوز",IF(OR(AB69="",COUNTIF(پوزها!$A$2:$A$5,AA69)=0),1,0),0) -> 0 | AT69: =IF(AI69="",0,IF(AI69>0,1,0)) -> 0 | AU69: =IF(AI69="",0,IF(AI69<0,1,0)) -> 1 | AV69: =IF(U69>V69,1,0) -> 0 | AW69: =IF(OR(W69>تنظیمات!$B$8,X69="بله"),1,0) -> 0 | AX69: =IF(AND(N69="بله",L69>تنظیمات!$B$9),1,0) -> 0 | AY69: =IF(Y69="معکوس",1,0) -> 0 | AZ69: =IF(ABS(AJ69)>تنظیمات!$B$10,1,0) -> 0 | BA69: =IF(AND(OR(AD69="رایگان/VIP",AD69="جانباز"),AF69="خیر"),1,0) -> 0 | BB69: =IF(AE69="",0,IF(COUNTIF($AE$2:$AE$1001,AE69)>1,1,0)) -> 0 | BC69: =IF(AND(H69="",I69>تنظیمات!$B$12*60,AM69="خالی"),1,0) -> 0 | BD69: =IF(AND(AP69="بله",I69<تنظیمات!$B$14,AO69="خیر"),1,0) -> 0 | BE69: =IF(AN69="خیر",1,0) -> 0 | BF69: =IF(AND(AD69="فیش مفقودی",AQ69="بله",I69>تنظیمات!$B$12*60),1,0) -> 0 | BG69: =IF(AND(AK69>تنظیمات!$B$11,AL69="بله"),1,0) -> 0 | BH69: =MIN(100,AR69*تنظیمات!$B$21+AS69*تنظیمات!$B$22+AT69*تنظیمات!$B$23+AU69*تنظیمات!$B$24+AV69*تنظیمات!$B$25+AW69*تنظیمات!$B$26+AX69*تنظیمات!$B$27+AY69*تنظیمات!$B$28+AZ69*تنظیمات!$B$29+BA69*تنظیمات!$B$30+BB69*تنظیمات!$B$31+BC69*تنظیمات!$B$32+BD69*تنظیمات!$B$33+BE69*تنظیمات!$B$34+BF69*تنظیمات!$B$35+BG69*تنظیمات!$B$36) -> 25 | BI69: =IF(BH69>=60,"بحرانی",IF(BH69>=30,"مشکوک",IF(BH69>0,"هشدار","عادی"))) -> هشدار | BJ69: کم‌ثبتی نقد (برداشت از دخل)
A70: EV-00069 | B70: 56س529-45 | C70: 56س529-43 | D70: کوییک R | E70: سفید | F70: اقتصادی | G70: 46281.711 | H70: 46281.726 | I70: =IF(H70="",ROUND((تنظیمات!$B$7-G70)*1440,0),ROUND((H70-G70)*1440,0)) -> 22 | J70: E2 | K70: X1 | L70: 0.964 | M70: 0.941 | N70: بله | O70: OP-03 | P70: عصر | Q70: 46281 | R70: TK-260916-00069 | S70: تسویه‌شده | U70: 1 | V70: 1 | W70: 4.6 | X70: خیر | Y70: عادی | Z70: نقد | AD70: عادی | AF70: =IF(COUNTIF(لیست_سفید!$A$2:$A$21,B70)>0,"بله","خیر") -> خیر | AG70: =IF(H70="","",IF(AD70="فیش مفقودی",تنظیمات!$B$6,(INT(I70/1440)*تنظیمات!$B$5+IF(MOD(I70,1440)<=تنظیمات!$B$2,0,MIN(تنظیمات!$B$5,تنظیمات!$B$3+MAX(0,ROUNDUP((MOD(I70,1440)-60)/60,0))*تنظیمات!$B$4)))*INDEX(تعرفه!$B$2:$B$7,MATCH(AD70,تعرفه!$A$2:$A$7,0)))) -> 20000 | AH70: 20000 | AI70: =IF(AG70="","",AH70-AG70) -> 0 | AJ70: -1 | AK70: 0 | AL70: خیر | AN70: بله | AO70: بله | AP70: خیر | AR70: =IF(AND(T70<>"",H70<>""),IF(AND((T70-H70)*86400>=0,(T70-H70)*86400<تنظیمات!$B$13),1,0),0) -> 0 | AS70: =IF(Z70="پوز",IF(OR(AB70="",COUNTIF(پوزها!$A$2:$A$5,AA70)=0),1,0),0) -> 0 | AT70: =IF(AI70="",0,IF(AI70>0,1,0)) -> 0 | AU70: =IF(AI70="",0,IF(AI70<0,1,0)) -> 0 | AV70: =IF(U70>V70,1,0) -> 0 | AW70: =IF(OR(W70>تنظیمات!$B$8,X70="بله"),1,0) -> 0 | AX70: =IF(AND(N70="بله",L70>تنظیمات!$B$9),1,0) -> 1 | AY70: =IF(Y70="معکوس",1,0) -> 0 | AZ70: =IF(ABS(AJ70)>تنظیمات!$B$10,1,0) -> 0 | BA70: =IF(AND(OR(AD70="رایگان/VIP",AD70="جانباز"),AF70="خیر"),1,0) -> 0 | BB70: =IF(AE70="",0,IF(COUNTIF($AE$2:$AE$1001,AE70)>1,1,0)) -> 0 | BC70: =IF(AND(H70="",I70>تنظیمات!$B$12*60,AM70="خالی"),1,0) -> 0 | BD70: =IF(AND(AP70="بله",I70<تنظیمات!$B$14,AO70="خیر"),1,0) -> 0 | BE70: =IF(AN70="خیر",1,0) -> 0 | BF70: =IF(AND(AD70="فیش مفقودی",AQ70="بله",I70>تنظیمات!$B$12*60),1,0) -> 0 | BG70: =IF(AND(AK70>تنظیمات!$B$11,AL70="بله"),1,0) -> 0 | BH70: =MIN(100,AR70*تنظیمات!$B$21+AS70*تنظیمات!$B$22+AT70*تنظیمات!$B$23+AU70*تنظیمات!$B$24+AV70*تنظیمات!$B$25+AW70*تنظیمات!$B$26+AX70*تنظیمات!$B$27+AY70*تنظیمات!$B$28+AZ70*تنظیمات!$B$29+BA70*تنظیمات!$B$30+BB70*تنظیمات!$B$31+BC70*تنظیمات!$B$32+BD70*تنظیمات!$B$33+BE70*تنظیمات!$B$34+BF70*تنظیمات!$B$35+BG70*تنظیمات!$B$36) -> 30 | BI70: =IF(BH70>=60,"بحرانی",IF(BH70>=30,"مشکوک",IF(BH70>0,"هشدار","عادی"))) -> مشکوک | BJ70: ویرایش دستی پالک با اطمینان بالا
A71: EV-00070 | B71: 37ز464-12 | D71: تویوتا کمری | E71: سفید | F71: لوکس | G71: 46281.722 | H71: 46281.736 | I71: =IF(H71="",ROUND((تنظیمات!$B$7-G71)*1440,0),ROUND((H71-G71)*1440,0)) -> 20 | J71: E2 | K71: X1 | L71: 0.919 | M71: 0.903 | N71: خیر | O71: OP-03 | P71: عصر | Q71: 46281 | R71: TK-260916-00070 | S71: ابطال‌شده | T71: 46281.737 | U71: 1 | V71: 1 | W71: 5.8 | X71: خیر | Y71: عادی | Z71: نقد | AD71: عادی | AF71: =IF(COUNTIF(لیست_سفید!$A$2:$A$21,B71)>0,"بله","خیر") -> خیر | AG71: =IF(H71="","",IF(AD71="فیش مفقودی",تنظیمات!$B$6,(INT(I71/1440)*تنظیمات!$B$5+IF(MOD(I71,1440)<=تنظیمات!$B$2,0,MIN(تنظیمات!$B$5,تنظیمات!$B$3+MAX(0,ROUNDUP((MOD(I71,1440)-60)/60,0))*تنظیمات!$B$4)))*INDEX(تعرفه!$B$2:$B$7,MATCH(AD71,تعرفه!$A$2:$A$7,0)))) -> 20000 | AH71: 0 | AI71: =IF(AG71="","",AH71-AG71) -> -20000 | AJ71: -4 | AK71: 0 | AL71: خیر | AN71: بله | AO71: بله | AP71: خیر | AR71: =IF(AND(T71<>"",H71<>""),IF(AND((T71-H71)*86400>=0,(T71-H71)*86400<تنظیمات!$B$13),1,0),0) -> 1 | AS71: =IF(Z71="پوز",IF(OR(AB71="",COUNTIF(پوزها!$A$2:$A$5,AA71)=0),1,0),0) -> 0 | AT71: =IF(AI71="",0,IF(AI71>0,1,0)) -> 0 | AU71: =IF(AI71="",0,IF(AI71<0,1,0)) -> 1 | AV71: =IF(U71>V71,1,0) -> 0 | AW71: =IF(OR(W71>تنظیمات!$B$8,X71="بله"),1,0) -> 0 | AX71: =IF(AND(N71="بله",L71>تنظیمات!$B$9),1,0) -> 0 | AY71: =IF(Y71="معکوس",1,0) -> 0 | AZ71: =IF(ABS(AJ71)>تنظیمات!$B$10,1,0) -> 0 | BA71: =IF(AND(OR(AD71="رایگان/VIP",AD71="جانباز"),AF71="خیر"),1,0) -> 0 | BB71: =IF(AE71="",0,IF(COUNTIF($AE$2:$AE$1001,AE71)>1,1,0)) -> 0 | BC71: =IF(AND(H71="",I71>تنظیمات!$B$12*60,AM71="خالی"),1,0) -> 0 | BD71: =IF(AND(AP71="بله",I71<تنظیمات!$B$14,AO71="خیر"),1,0) -> 0 | BE71: =IF(AN71="خیر",1,0) -> 0 | BF71: =IF(AND(AD71="فیش مفقودی",AQ71="بله",I71>تنظیمات!$B$12*60),1,0) -> 0 | BG71: =IF(AND(AK71>تنظیمات!$B$11,AL71="بله"),1,0) -> 0 | BH71: =MIN(100,AR71*تنظیمات!$B$21+AS71*تنظیمات!$B$22+AT71*تنظیمات!$B$23+AU71*تنظیمات!$B$24+AV71*تنظیمات!$B$25+AW71*تنظیمات!$B$26+AX71*تنظیمات!$B$27+AY71*تنظیمات!$B$28+AZ71*تنظیمات!$B$29+BA71*تنظیمات!$B$30+BB71*تنظیمات!$B$31+BC71*تنظیمات!$B$32+BD71*تنظیمات!$B$33+BE71*تنظیمات!$B$34+BF71*تنظیمات!$B$35+BG71*تنظیمات!$B$36) -> 65 | BI71: =IF(BH71>=60,"بحرانی",IF(BH71>=30,"مشکوک",IF(BH71>0,"هشدار","عادی"))) -> بحرانی | BJ71: ابطال فیش پس از خروج
A72: EV-00071 | B72: 44ص472-81 | D72: موتورسیکلت | E72: نقره‌ای | F72: اقتصادی | G72: 46281.73 | H72: 46281.736 | I72: =IF(H72="",ROUND((تنظیمات!$B$7-G72)*1440,0),ROUND((H72-G72)*1440,0)) -> 8 | J72: E2 | K72: X1 | L72: 0.89 | M72: 0.943 | N72: خیر | O72: OP-03 | P72: عصر | Q72: 46281 | R72: TK-260916-00071 | S72: تسویه‌شده | U72: 1 | V72: 1 | W72: 3 | X72: خیر | Y72: عادی | Z72: فرجه رایگان | AD72: عادی | AF72: =IF(COUNTIF(لیست_سفید!$A$2:$A$21,B72)>0,"بله","خیر") -> خیر | AG72: =IF(H72="","",IF(AD72="فیش مفقودی",تنظیمات!$B$6,(INT(I72/1440)*تنظیمات!$B$5+IF(MOD(I72,1440)<=تنظیمات!$B$2,0,MIN(تنظیمات!$B$5,تنظیمات!$B$3+MAX(0,ROUNDUP((MOD(I72,1440)-60)/60,0))*تنظیمات!$B$4)))*INDEX(تعرفه!$B$2:$B$7,MATCH(AD72,تعرفه!$A$2:$A$7,0)))) -> 0 | AH72: 0 | AI72: =IF(AG72="","",AH72-AG72) -> 0 | AJ72: -4 | AK72: 0 | AL72: خیر | AN72: بله | AO72: بله | AP72: خیر | AR72: =IF(AND(T72<>"",H72<>""),IF(AND((T72-H72)*86400>=0,(T72-H72)*86400<تنظیمات!$B$13),1,0),0) -> 0 | AS72: =IF(Z72="پوز",IF(OR(AB72="",COUNTIF(پوزها!$A$2:$A$5,AA72)=0),1,0),0) -> 0 | AT72: =IF(AI72="",0,IF(AI72>0,1,0)) -> 0 | AU72: =IF(AI72="",0,IF(AI72<0,1,0)) -> 0 | AV72: =IF(U72>V72,1,0) -> 0 | AW72: =IF(OR(W72>تنظیمات!$B$8,X72="بله"),1,0) -> 0 | AX72: =IF(AND(N72="بله",L72>تنظیمات!$B$9),1,0) -> 0 | AY72: =IF(Y72="معکوس",1,0) -> 0 | AZ72: =IF(ABS(AJ72)>تنظیمات!$B$10,1,0) -> 0 | BA72: =IF(AND(OR(AD72="رایگان/VIP",AD72="جانباز"),AF72="خیر"),1,0) -> 0 | BB72: =IF(AE72="",0,IF(COUNTIF($AE$2:$AE$1001,AE72)>1,1,0)) -> 0 | BC72: =IF(AND(H72="",I72>تنظیمات!$B$12*60,AM72="خالی"),1,0) -> 0 | BD72: =IF(AND(AP72="بله",I72<تنظیمات!$B$14,AO72="خیر"),1,0) -> 0 | BE72: =IF(AN72="خیر",1,0) -> 0 | BF72: =IF(AND(AD72="فیش مفقودی",AQ72="بله",I72>تنظیمات!$B$12*60),1,0) -> 0 | BG72: =IF(AND(AK72>تنظیمات!$B$11,AL72="بله"),1,0) -> 0 | BH72: =MIN(100,AR72*تنظیمات!$B$21+AS72*تنظیمات!$B$22+AT72*تنظیمات!$B$23+AU72*تنظیمات!$B$24+AV72*تنظیمات!$B$25+AW72*تنظیمات!$B$26+AX72*تنظیمات!$B$27+AY72*تنظیمات!$B$28+AZ72*تنظیمات!$B$29+BA72*تنظیمات!$B$30+BB72*تنظیمات!$B$31+BC72*تنظیمات!$B$32+BD72*تنظیمات!$B$33+BE72*تنظیمات!$B$34+BF72*تنظیمات!$B$35+BG72*تنظیمات!$B$36) -> 0 | BI72: =IF(BH72>=60,"بحرانی",IF(BH72>=30,"مشکوک",IF(BH72>0,"هشدار","عادی"))) -> عادی | BJ72: سوءاستفاده از فرجه رایگان
A73: EV-00072 | B73: 83و416-88 | D73: موتورسیکلت | E73: مشکی | F73: اقتصادی | G73: 46281.733 | H73: 46281.801 | I73: =IF(H73="",ROUND((تنظیمات!$B$7-G73)*1440,0),ROUND((H73-G73)*1440,0)) -> 98 | J73: E1 | K73: X1 | L73: 0.938 | M73: 0.974 | N73: خیر | O73: OP-03 | P73: عصر | Q73: 46281 | R73: TK-260916-00072 | S73: تسویه‌شده | U73: 1 | V73: 1 | W73: 4.7 | X73: خیر | Y73: عادی | Z73: نقد | AD73: عادی | AF73: =IF(COUNTIF(لیست_سفید!$A$2:$A$21,B73)>0,"بله","خیر") -> خیر | AG73: =IF(H73="","",IF(AD73="فیش مفقودی",تنظیمات!$B$6,(INT(I73/1440)*تنظیمات!$B$5+IF(MOD(I73,1440)<=تنظیمات!$B$2,0,MIN(تنظیمات!$B$5,تنظیمات!$B$3+MAX(0,ROUNDUP((MOD(I73,1440)-60)/60,0))*تنظیمات!$B$4)))*INDEX(تعرفه!$B$2:$B$7,MATCH(AD73,تعرفه!$A$2:$A$7,0)))) -> 34000 | AH73: 34000 | AI73: =IF(AG73="","",AH73-AG73) -> 0 | AJ73: 2 | AK73: 0 | AL73: خیر | AN73: بله | AO73: بله | AP73: خیر | AR73: =IF(AND(T73<>"",H73<>""),IF(AND((T73-H73)*86400>=0,(T73-H73)*86400<تنظیمات!$B$13),1,0),0) -> 0 | AS73: =IF(Z73="پوز",IF(OR(AB73="",COUNTIF(پوزها!$A$2:$A$5,AA73)=0),1,0),0) -> 0 | AT73: =IF(AI73="",0,IF(AI73>0,1,0)) -> 0 | AU73: =IF(AI73="",0,IF(AI73<0,1,0)) -> 0 | AV73: =IF(U73>V73,1,0) -> 0 | AW73: =IF(OR(W73>تنظیمات!$B$8,X73="بله"),1,0) -> 0 | AX73: =IF(AND(N73="بله",L73>تنظیمات!$B$9),1,0) -> 0 | AY73: =IF(Y73="معکوس",1,0) -> 0 | AZ73: =IF(ABS(AJ73)>تنظیمات!$B$10,1,0) -> 0 | BA73: =IF(AND(OR(AD73="رایگان/VIP",AD73="جانباز"),AF73="خیر"),1,0) -> 0 | BB73: =IF(AE73="",0,IF(COUNTIF($AE$2:$AE$1001,AE73)>1,1,0)) -> 0 | BC73: =IF(AND(H73="",I73>تنظیمات!$B$12*60,AM73="خالی"),1,0) -> 0 | BD73: =IF(AND(AP73="بله",I73<تنظیمات!$B$14,AO73="خیر"),1,0) -> 0 | BE73: =IF(AN73="خیر",1,0) -> 0 | BF73: =IF(AND(AD73="فیش مفقودی",AQ73="بله",I73>تنظیمات!$B$12*60),1,0) -> 0 | BG73: =IF(AND(AK73>تنظیمات!$B$11,AL73="بله"),1,0) -> 0 | BH73: =MIN(100,AR73*تنظیمات!$B$21+AS73*تنظیمات!$B$22+AT73*تنظیمات!$B$23+AU73*تنظیمات!$B$24+AV73*تنظیمات!$B$25+AW73*تنظیمات!$B$26+AX73*تنظیمات!$B$27+AY73*تنظیمات!$B$28+AZ73*تنظیمات!$B$29+BA73*تنظیمات!$B$30+BB73*تنظیمات!$B$31+BC73*تنظیمات!$B$32+BD73*تنظیمات!$B$33+BE73*تنظیمات!$B$34+BF73*تنظیمات!$B$35+BG73*تنظیمات!$B$36) -> 0 | BI73: =IF(BH73>=60,"بحرانی",IF(BH73>=30,"مشکوک",IF(BH73>0,"هشدار","عادی"))) -> عادی | BJ73: عادی
A74: EV-00073 | B74: 76ش349-12 | D74: سمند LX | E74: نقره‌ای | F74: اقتصادی | G74: 46281.767 | H74: 46281.783 | I74: =IF(H74="",ROUND((تنظیمات!$B$7-G74)*1440,0),ROUND((H74-G74)*1440,0)) -> 24 | J74: E2 | K74: X2 | L74: 0.963 | M74: 0.949 | N74: خیر | O74: OP-04 | P74: عصر | Q74: 46281 | R74: TK-260916-00073 | S74: تسویه‌شده | U74: 1 | V74: 1 | W74: 5.2 | X74: خیر | Y74: عادی | Z74: پوز | AA74: T-1002 | AB74: 622210984157 | AC74: 46281.783 | AD74: عادی | AF74: =IF(COUNTIF(لیست_سفید!$A$2:$A$21,B74)>0,"بله","خیر") -> خیر | AG74: =IF(H74="","",IF(AD74="فیش مفقودی",تنظیمات!$B$6,(INT(I74/1440)*تنظیمات!$B$5+IF(MOD(I74,1440)<=تنظیمات!$B$2,0,MIN(تنظیمات!$B$5,تنظیمات!$B$3+MAX(0,ROUNDUP((MOD(I74,1440)-60)/60,0))*تنظیمات!$B$4)))*INDEX(تعرفه!$B$2:$B$7,MATCH(AD74,تعرفه!$A$2:$A$7,0)))) -> 20000 | AH74: 20000 | AI74: =IF(AG74="","",AH74-AG74) -> 0 | AJ74: -1 | AK74: 0 | AL74: خیر | AN74: بله | AO74: بله | AP74: خیر | AR74: =IF(AND(T74<>"",H74<>""),IF(AND((T74-H74)*86400>=0,(T74-H74)*86400<تنظیمات!$B$13),1,0),0) -> 0 | AS74: =IF(Z74="پوز",IF(OR(AB74="",COUNTIF(پوزها!$A$2:$A$5,AA74)=0),1,0),0) -> 0 | AT74: =IF(AI74="",0,IF(AI74>0,1,0)) -> 0 | AU74: =IF(AI74="",0,IF(AI74<0,1,0)) -> 0 | AV74: =IF(U74>V74,1,0) -> 0 | AW74: =IF(OR(W74>تنظیمات!$B$8,X74="بله"),1,0) -> 0 | AX74: =IF(AND(N74="بله",L74>تنظیمات!$B$9),1,0) -> 0 | AY74: =IF(Y74="معکوس",1,0) -> 0 | AZ74: =IF(ABS(AJ74)>تنظیمات!$B$10,1,0) -> 0 | BA74: =IF(AND(OR(AD74="رایگان/VIP",AD74="جانباز"),AF74="خیر"),1,0) -> 0 | BB74: =IF(AE74="",0,IF(COUNTIF($AE$2:$AE$1001,AE74)>1,1,0)) -> 0 | BC74: =IF(AND(H74="",I74>تنظیمات!$B$12*60,AM74="خالی"),1,0) -> 0 | BD74: =IF(AND(AP74="بله",I74<تنظیمات!$B$14,AO74="خیر"),1,0) -> 0 | BE74: =IF(AN74="خیر",1,0) -> 0 | BF74: =IF(AND(AD74="فیش مفقودی",AQ74="بله",I74>تنظیمات!$B$12*60),1,0) -> 0 | BG74: =IF(AND(AK74>تنظیمات!$B$11,AL74="بله"),1,0) -> 0 | BH74: =MIN(100,AR74*تنظیمات!$B$21+AS74*تنظیمات!$B$22+AT74*تنظیمات!$B$23+AU74*تنظیمات!$B$24+AV74*تنظیمات!$B$25+AW74*تنظیمات!$B$26+AX74*تنظیمات!$B$27+AY74*تنظیمات!$B$28+AZ74*تنظیمات!$B$29+BA74*تنظیمات!$B$30+BB74*تنظیمات!$B$31+BC74*تنظیمات!$B$32+BD74*تنظیمات!$B$33+BE74*تنظیمات!$B$34+BF74*تنظیمات!$B$35+BG74*تنظیمات!$B$36) -> 0 | BI74: =IF(BH74>=60,"بحرانی",IF(BH74>=30,"مشکوک",IF(BH74>0,"هشدار","عادی"))) -> عادی | BJ74: عادی
A75: EV-00074 | B75: 71س503-77 | D75: دنا پلاس | E75: مشکی | F75: اقتصادی | G75: 46281.78 | H75: 46281.895 | I75: =IF(H75="",ROUND((تنظیمات!$B$7-G75)*1440,0),ROUND((H75-G75)*1440,0)) -> 166 | J75: E2 | K75: X1 | L75: 0.915 | M75: 0.927 | N75: خیر | O75: OP-03 | P75: عصر | Q75: 46281 | R75: TK-260916-00074 | S75: تسویه‌شده | U75: 1 | V75: 1 | W75: 4.4 | X75: خیر | Y75: عادی | Z75: نقد | AD75: عادی | AF75: =IF(COUNTIF(لیست_سفید!$A$2:$A$21,B75)>0,"بله","خیر") -> خیر | AG75: =IF(H75="","",IF(AD75="فیش مفقودی",تنظیمات!$B$6,(INT(I75/1440)*تنظیمات!$B$5+IF(MOD(I75,1440)<=تنظیمات!$B$2,0,MIN(تنظیمات!$B$5,تنظیمات!$B$3+MAX(0,ROUNDUP((MOD(I75,1440)-60)/60,0))*تنظیمات!$B$4)))*INDEX(تعرفه!$B$2:$B$7,MATCH(AD75,تعرفه!$A$2:$A$7,0)))) -> 48000 | AH75: 48000 | AI75: =IF(AG75="","",AH75-AG75) -> 0 | AJ75: 5 | AK75: 0 | AL75: خیر | AN75: بله | AO75: بله | AP75: خیر | AR75: =IF(AND(T75<>"",H75<>""),IF(AND((T75-H75)*86400>=0,(T75-H75)*86400<تنظیمات!$B$13),1,0),0) -> 0 | AS75: =IF(Z75="پوز",IF(OR(AB75="",COUNTIF(پوزها!$A$2:$A$5,AA75)=0),1,0),0) -> 0 | AT75: =IF(AI75="",0,IF(AI75>0,1,0)) -> 0 | AU75: =IF(AI75="",0,IF(AI75<0,1,0)) -> 0 | AV75: =IF(U75>V75,1,0) -> 0 | AW75: =IF(OR(W75>تنظیمات!$B$8,X75="بله"),1,0) -> 0 | AX75: =IF(AND(N75="بله",L75>تنظیمات!$B$9),1,0) -> 0 | AY75: =IF(Y75="معکوس",1,0) -> 0 | AZ75: =IF(ABS(AJ75)>تنظیمات!$B$10,1,0) -> 0 | BA75: =IF(AND(OR(AD75="رایگان/VIP",AD75="جانباز"),AF75="خیر"),1,0) -> 0 | BB75: =IF(AE75="",0,IF(COUNTIF($AE$2:$AE$1001,AE75)>1,1,0)) -> 0 | BC75: =IF(AND(H75="",I75>تنظیمات!$B$12*60,AM75="خالی"),1,0) -> 0 | BD75: =IF(AND(AP75="بله",I75<تنظیمات!$B$14,AO75="خیر"),1,0) -> 0 | BE75: =IF(AN75="خیر",1,0) -> 0 | BF75: =IF(AND(AD75="فیش مفقودی",AQ75="بله",I75>تنظیمات!$B$12*60),1,0) -> 0 | BG75: =IF(AND(AK75>تنظیمات!$B$11,AL75="بله"),1,0) -> 0 | BH75: =MIN(100,AR75*تنظیمات!$B$21+AS75*تنظیمات!$B$22+AT75*تنظیمات!$B$23+AU75*تنظیمات!$B$24+AV75*تنظیمات!$B$25+AW75*تنظیمات!$B$26+AX75*تنظیمات!$B$27+AY75*تنظیمات!$B$28+AZ75*تنظیمات!$B$29+BA75*تنظیمات!$B$30+BB75*تنظیمات!$B$31+BC75*تنظیمات!$B$32+BD75*تنظیمات!$B$33+BE75*تنظیمات!$B$34+BF75*تنظیمات!$B$35+BG75*تنظیمات!$B$36) -> 0 | BI75: =IF(BH75>=60,"بحرانی",IF(BH75>=30,"مشکوک",IF(BH75>0,"هشدار","عادی"))) -> عادی | BJ75: عادی
A76: EV-00075 | B76: 64ت542-36 | D76: ساینا S | E76: سفید | F76: اقتصادی | G76: 46281.798 | H76: 46281.8 | I76: =IF(H76="",ROUND((تنظیمات!$B$7-G76)*1440,0),ROUND((H76-G76)*1440,0)) -> 3 | J76: E1 | K76: X1 | L76: 0.924 | M76: 0.995 | N76: خیر | O76: OP-03 | P76: عصر | Q76: 46281 | R76: TK-260916-00075 | S76: تسویه‌شده | U76: 1 | V76: 1 | W76: 4.6 | X76: خیر | Y76: عادی | Z76: فرجه رایگان | AD76: عادی | AF76: =IF(COUNTIF(لیست_سفید!$A$2:$A$21,B76)>0,"بله","خیر") -> خیر | AG76: =IF(H76="","",IF(AD76="فیش مفقودی",تنظیمات!$B$6,(INT(I76/1440)*تنظیمات!$B$5+IF(MOD(I76,1440)<=تنظیمات!$B$2,0,MIN(تنظیمات!$B$5,تنظیمات!$B$3+MAX(0,ROUNDUP((MOD(I76,1440)-60)/60,0))*تنظیمات!$B$4)))*INDEX(تعرفه!$B$2:$B$7,MATCH(AD76,تعرفه!$A$2:$A$7,0)))) -> 0 | AH76: 0 | AI76: =IF(AG76="","",AH76-AG76) -> 0 | AJ76: 0 | AK76: 0 | AL76: خیر | AN76: بله | AO76: بله | AP76: خیر | AR76: =IF(AND(T76<>"",H76<>""),IF(AND((T76-H76)*86400>=0,(T76-H76)*86400<تنظیمات!$B$13),1,0),0) -> 0 | AS76: =IF(Z76="پوز",IF(OR(AB76="",COUNTIF(پوزها!$A$2:$A$5,AA76)=0),1,0),0) -> 0 | AT76: =IF(AI76="",0,IF(AI76>0,1,0)) -> 0 | AU76: =IF(AI76="",0,IF(AI76<0,1,0)) -> 0 | AV76: =IF(U76>V76,1,0) -> 0 | AW76: =IF(OR(W76>تنظیمات!$B$8,X76="بله"),1,0) -> 0 | AX76: =IF(AND(N76="بله",L76>تنظیمات!$B$9),1,0) -> 0 | AY76: =IF(Y76="معکوس",1,0) -> 0 | AZ76: =IF(ABS(AJ76)>تنظیمات!$B$10,1,0) -> 0 | BA76: =IF(AND(OR(AD76="رایگان/VIP",AD76="جانباز"),AF76="خیر"),1,0) -> 0 | BB76: =IF(AE76="",0,IF(COUNTIF($AE$2:$AE$1001,AE76)>1,1,0)) -> 0 | BC76: =IF(AND(H76="",I76>تنظیمات!$B$12*60,AM76="خالی"),1,0) -> 0 | BD76: =IF(AND(AP76="بله",I76<تنظیمات!$B$14,AO76="خیر"),1,0) -> 0 | BE76: =IF(AN76="خیر",1,0) -> 0 | BF76: =IF(AND(AD76="فیش مفقودی",AQ76="بله",I76>تنظیمات!$B$12*60),1,0) -> 0 | BG76: =IF(AND(AK76>تنظیمات!$B$11,AL76="بله"),1,0) -> 0 | BH76: =MIN(100,AR76*تنظیمات!$B$21+AS76*تنظیمات!$B$22+AT76*تنظیمات!$B$23+AU76*تنظیمات!$B$24+AV76*تنظیمات!$B$25+AW76*تنظیمات!$B$26+AX76*تنظیمات!$B$27+AY76*تنظیمات!$B$28+AZ76*تنظیمات!$B$29+BA76*تنظیمات!$B$30+BB76*تنظیمات!$B$31+BC76*تنظیمات!$B$32+BD76*تنظیمات!$B$33+BE76*تنظیمات!$B$34+BF76*تنظیمات!$B$35+BG76*تنظیمات!$B$36) -> 0 | BI76: =IF(BH76>=60,"بحرانی",IF(BH76>=30,"مشکوک",IF(BH76>0,"هشدار","عادی"))) -> عادی | BJ76: عادی
A77: EV-00076 | B77: 99ص201-23 | D77: هیوندای النترا | E77: قرمز | F77: اقتصادی | G77: 46281.86 | H77: 46281.867 | I77: =IF(H77="",ROUND((تنظیمات!$B$7-G77)*1440,0),ROUND((H77-G77)*1440,0)) -> 10 | J77: E2 | K77: X2 | L77: 0.902 | M77: 0.872 | N77: خیر | O77: OP-04 | P77: عصر | Q77: 46281 | R77: TK-260916-00076 | S77: تسویه‌شده | U77: 1 | V77: 1 | W77: 6.5 | X77: خیر | Y77: عادی | Z77: فرجه رایگان | AD77: عادی | AF77: =IF(COUNTIF(لیست_سفید!$A$2:$A$21,B77)>0,"بله","خیر") -> خیر | AG77: =IF(H77="","",IF(AD77="فیش مفقودی",تنظیمات!$B$6,(INT(I77/1440)*تنظیمات!$B$5+IF(MOD(I77,1440)<=تنظیمات!$B$2,0,MIN(تنظیمات!$B$5,تنظیمات!$B$3+MAX(0,ROUNDUP((MOD(I77,1440)-60)/60,0))*تنظیمات!$B$4)))*INDEX(تعرفه!$B$2:$B$7,MATCH(AD77,تعرفه!$A$2:$A$7,0)))) -> 0 | AH77: 0 | AI77: =IF(AG77="","",AH77-AG77) -> 0 | AJ77: -1 | AK77: 0 | AL77: خیر | AN77: بله | AO77: بله | AP77: خیر | AR77: =IF(AND(T77<>"",H77<>""),IF(AND((T77-H77)*86400>=0,(T77-H77)*86400<تنظیمات!$B$13),1,0),0) -> 0 | AS77: =IF(Z77="پوز",IF(OR(AB77="",COUNTIF(پوزها!$A$2:$A$5,AA77)=0),1,0),0) -> 0 | AT77: =IF(AI77="",0,IF(AI77>0,1,0)) -> 0 | AU77: =IF(AI77="",0,IF(AI77<0,1,0)) -> 0 | AV77: =IF(U77>V77,1,0) -> 0 | AW77: =IF(OR(W77>تنظیمات!$B$8,X77="بله"),1,0) -> 0 | AX77: =IF(AND(N77="بله",L77>تنظیمات!$B$9),1,0) -> 0 | AY77: =IF(Y77="معکوس",1,0) -> 0 | AZ77: =IF(ABS(AJ77)>تنظیمات!$B$10,1,0) -> 0 | BA77: =IF(AND(OR(AD77="رایگان/VIP",AD77="جانباز"),AF77="خیر"),1,0) -> 0 | BB77: =IF(AE77="",0,IF(COUNTIF($AE$2:$AE$1001,AE77)>1,1,0)) -> 0 | BC77: =IF(AND(H77="",I77>تنظیمات!$B$12*60,AM77="خالی"),1,0) -> 0 | BD77: =IF(AND(AP77="بله",I77<تنظیمات!$B$14,AO77="خیر"),1,0) -> 0 | BE77: =IF(AN77="خیر",1,0) -> 0 | BF77: =IF(AND(AD77="فیش مفقودی",AQ77="بله",I77>تنظیمات!$B$12*60),1,0) -> 0 | BG77: =IF(AND(AK77>تنظیمات!$B$11,AL77="بله"),1,0) -> 0 | BH77: =MIN(100,AR77*تنظیمات!$B$21+AS77*تنظیمات!$B$22+AT77*تنظیمات!$B$23+AU77*تنظیمات!$B$24+AV77*تنظیمات!$B$25+AW77*تنظیمات!$B$26+AX77*تنظیمات!$B$27+AY77*تنظیمات!$B$28+AZ77*تنظیمات!$B$29+BA77*تنظیمات!$B$30+BB77*تنظیمات!$B$31+BC77*تنظیمات!$B$32+BD77*تنظیمات!$B$33+BE77*تنظیمات!$B$34+BF77*تنظیمات!$B$35+BG77*تنظیمات!$B$36) -> 0 | BI77: =IF(BH77>=60,"بحرانی",IF(BH77>=30,"مشکوک",IF(BH77>0,"هشدار","عادی"))) -> عادی | BJ77: عادی
A78: EV-00077 | B78: 77ز182-45 | D78: ساینا S | E78: مشکی | F78: اقتصادی | G78: 46281.869 | H78: 46281.871 | I78: =IF(H78="",ROUND((تنظیمات!$B$7-G78)*1440,0),ROUND((H78-G78)*1440,0)) -> 3 | J78: E1 | K78: X2 | L78: 0.866 | M78: 0.941 | N78: خیر | O78: OP-04 | P78: عصر | Q78: 46281 | R78: TK-260916-00077 | S78: تسویه‌شده | U78: 1 | V78: 1 | W78: 4.1 | X78: خیر | Y78: عادی | Z78: فرجه رایگان | AD78: عادی | AF78: =IF(COUNTIF(لیست_سفید!$A$2:$A$21,B78)>0,"بله","خیر") -> خیر | AG78: =IF(H78="","",IF(AD78="فیش مفقودی",تنظیمات!$B$6,(INT(I78/1440)*تنظیمات!$B$5+IF(MOD(I78,1440)<=تنظیمات!$B$2,0,MIN(تنظیمات!$B$5,تنظیمات!$B$3+MAX(0,ROUNDUP((MOD(I78,1440)-60)/60,0))*تنظیمات!$B$4)))*INDEX(تعرفه!$B$2:$B$7,MATCH(AD78,تعرفه!$A$2:$A$7,0)))) -> 0 | AH78: 0 | AI78: =IF(AG78="","",AH78-AG78) -> 0 | AJ78: 0 | AK78: 0 | AL78: خیر | AN78: خیر | AO78: خیر | AP78: خیر | AR78: =IF(AND(T78<>"",H78<>""),IF(AND((T78-H78)*86400>=0,(T78-H78)*86400<تنظیمات!$B$13),1,0),0) -> 0 | AS78: =IF(Z78="پوز",IF(OR(AB78="",COUNTIF(پوزها!$A$2:$A$5,AA78)=0),1,0),0) -> 0 | AT78: =IF(AI78="",0,IF(AI78>0,1,0)) -> 0 | AU78: =IF(AI78="",0,IF(AI78<0,1,0)) -> 0 | AV78: =IF(U78>V78,1,0) -> 0 | AW78: =IF(OR(W78>تنظیمات!$B$8,X78="بله"),1,0) -> 0 | AX78: =IF(AND(N78="بله",L78>تنظیمات!$B$9),1,0) -> 0 | AY78: =IF(Y78="معکوس",1,0) -> 0 | AZ78: =IF(ABS(AJ78)>تنظیمات!$B$10,1,0) -> 0 | BA78: =IF(AND(OR(AD78="رایگان/VIP",AD78="جانباز"),AF78="خیر"),1,0) -> 0 | BB78: =IF(AE78="",0,IF(COUNTIF($AE$2:$AE$1001,AE78)>1,1,0)) -> 0 | BC78: =IF(AND(H78="",I78>تنظیمات!$B$12*60,AM78="خالی"),1,0) -> 0 | BD78: =IF(AND(AP78="بله",I78<تنظیمات!$B$14,AO78="خیر"),1,0) -> 0 | BE78: =IF(AN78="خیر",1,0) -> 1 | BF78: =IF(AND(AD78="فیش مفقودی",AQ78="بله",I78>تنظیمات!$B$12*60),1,0) -> 0 | BG78: =IF(AND(AK78>تنظیمات!$B$11,AL78="بله"),1,0) -> 0 | BH78: =MIN(100,AR78*تنظیمات!$B$21+AS78*تنظیمات!$B$22+AT78*تنظیمات!$B$23+AU78*تنظیمات!$B$24+AV78*تنظیمات!$B$25+AW78*تنظیمات!$B$26+AX78*تنظیمات!$B$27+AY78*تنظیمات!$B$28+AZ78*تنظیمات!$B$29+BA78*تنظیمات!$B$30+BB78*تنظیمات!$B$31+BC78*تنظیمات!$B$32+BD78*تنظیمات!$B$33+BE78*تنظیمات!$B$34+BF78*تنظیمات!$B$35+BG78*تنظیمات!$B$36) -> 30 | BI78: =IF(BH78>=60,"بحرانی",IF(BH78>=30,"مشکوک",IF(BH78>0,"هشدار","عادی"))) -> مشکوک | BJ78: نقض توالی تردد (Passback)
A79: EV-00078 | B79: 20ل119-72 | D79: تیبا 2 | E79: نقره‌ای | F79: اقتصادی | G79: 46281.896 | H79: 46281.982 | I79: =IF(H79="",ROUND((تنظیمات!$B$7-G79)*1440,0),ROUND((H79-G79)*1440,0)) -> 123 | J79: E1 | K79: X1 | L79: 0.991 | M79: 0.91 | N79: خیر | O79: OP-05 | P79: شب | Q79: 46281 | R79: TK-260916-00078 | S79: تسویه‌شده | U79: 1 | V79: 1 | W79: 7 | X79: خیر | Y79: عادی | Z79: پوز | AA79: T-1001 | AB79: 418127930353 | AC79: 46281.981 | AD79: عادی | AF79: =IF(COUNTIF(لیست_سفید!$A$2:$A$21,B79)>0,"بله","خیر") -> خیر | AG79: =IF(H79="","",IF(AD79="فیش مفقودی",تنظیمات!$B$6,(INT(I79/1440)*تنظیمات!$B$5+IF(MOD(I79,1440)<=تنظیمات!$B$2,0,MIN(تنظیمات!$B$5,تنظیمات!$B$3+MAX(0,ROUNDUP((MOD(I79,1440)-60)/60,0))*تنظیمات!$B$4)))*INDEX(تعرفه!$B$2:$B$7,MATCH(AD79,تعرفه!$A$2:$A$7,0)))) -> 48000 | AH79: 48000 | AI79: =IF(AG79="","",AH79-AG79) -> 0 | AJ79: 2 | AK79: 0 | AL79: خیر | AN79: بله | AO79: بله | AP79: خیر | AR79: =IF(AND(T79<>"",H79<>""),IF(AND((T79-H79)*86400>=0,(T79-H79)*86400<تنظیمات!$B$13),1,0),0) -> 0 | AS79: =IF(Z79="پوز",IF(OR(AB79="",COUNTIF(پوزها!$A$2:$A$5,AA79)=0),1,0),0) -> 0 | AT79: =IF(AI79="",0,IF(AI79>0,1,0)) -> 0 | AU79: =IF(AI79="",0,IF(AI79<0,1,0)) -> 0 | AV79: =IF(U79>V79,1,0) -> 0 | AW79: =IF(OR(W79>تنظیمات!$B$8,X79="بله"),1,0) -> 0 | AX79: =IF(AND(N79="بله",L79>تنظیمات!$B$9),1,0) -> 0 | AY79: =IF(Y79="معکوس",1,0) -> 0 | AZ79: =IF(ABS(AJ79)>تنظیمات!$B$10,1,0) -> 0 | BA79: =IF(AND(OR(AD79="رایگان/VIP",AD79="جانباز"),AF79="خیر"),1,0) -> 0 | BB79: =IF(AE79="",0,IF(COUNTIF($AE$2:$AE$1001,AE79)>1,1,0)) -> 0 | BC79: =IF(AND(H79="",I79>تنظیمات!$B$12*60,AM79="خالی"),1,0) -> 0 | BD79: =IF(AND(AP79="بله",I79<تنظیمات!$B$14,AO79="خیر"),1,0) -> 0 | BE79: =IF(AN79="خیر",1,0) -> 0 | BF79: =IF(AND(AD79="فیش مفقودی",AQ79="بله",I79>تنظیمات!$B$12*60),1,0) -> 0 | BG79: =IF(AND(AK79>تنظیمات!$B$11,AL79="بله"),1,0) -> 0 | BH79: =MIN(100,AR79*تنظیمات!$B$21+AS79*تنظیمات!$B$22+AT79*تنظیمات!$B$23+AU79*تنظیمات!$B$24+AV79*تنظیمات!$B$25+AW79*تنظیمات!$B$26+AX79*تنظیمات!$B$27+AY79*تنظیمات!$B$28+AZ79*تنظیمات!$B$29+BA79*تنظیمات!$B$30+BB79*تنظیمات!$B$31+BC79*تنظیمات!$B$32+BD79*تنظیمات!$B$33+BE79*تنظیمات!$B$34+BF79*تنظیمات!$B$35+BG79*تنظیمات!$B$36) -> 0 | BI79: =IF(BH79>=60,"بحرانی",IF(BH79>=30,"مشکوک",IF(BH79>0,"هشدار","عادی"))) -> عادی | BJ79: عادی
A80: EV-00079 | B80: 86ت843-33 | D80: ساینا S | E80: نقره‌ای | F80: اقتصادی | G80: 46281.9 | H80: 46281.926 | I80: =IF(H80="",ROUND((تنظیمات!$B$7-G80)*1440,0),ROUND((H80-G80)*1440,0)) -> 37 | J80: E2 | K80: X1 | L80: 0.995 | M80: 0.899 | N80: خیر | O80: OP-05 | P80: شب | Q80: 46281 | R80: TK-260916-00079 | S80: تسویه‌شده | U80: 1 | V80: 1 | W80: 5.1 | X80: خیر | Y80: عادی | Z80: پوز | AA80: T-1001 | AB80: 126164856284 | AC80: 46281.925 | AD80: عادی | AF80: =IF(COUNTIF(لیست_سفید!$A$2:$A$21,B80)>0,"بله","خیر") -> خیر | AG80: =IF(H80="","",IF(AD80="فیش مفقودی",تنظیمات!$B$6,(INT(I80/1440)*تنظیمات!$B$5+IF(MOD(I80,1440)<=تنظیمات!$B$2,0,MIN(تنظیمات!$B$5,تنظیمات!$B$3+MAX(0,ROUNDUP((MOD(I80,1440)-60)/60,0))*تنظیمات!$B$4)))*INDEX(تعرفه!$B$2:$B$7,MATCH(AD80,تعرفه!$A$2:$A$7,0)))) -> 20000 | AH80: 20000 | AI80: =IF(AG80="","",AH80-AG80) -> 0 | AJ80: 0 | AK80: 0 | AL80: خیر | AN80: بله | AO80: بله | AP80: خیر | AR80: =IF(AND(T80<>"",H80<>""),IF(AND((T80-H80)*86400>=0,(T80-H80)*86400<تنظیمات!$B$13),1,0),0) -> 0 | AS80: =IF(Z80="پوز",IF(OR(AB80="",COUNTIF(پوزها!$A$2:$A$5,AA80)=0),1,0),0) -> 0 | AT80: =IF(AI80="",0,IF(AI80>0,1,0)) -> 0 | AU80: =IF(AI80="",0,IF(AI80<0,1,0)) -> 0 | AV80: =IF(U80>V80,1,0) -> 0 | AW80: =IF(OR(W80>تنظیمات!$B$8,X80="بله"),1,0) -> 0 | AX80: =IF(AND(N80="بله",L80>تنظیمات!$B$9),1,0) -> 0 | AY80: =IF(Y80="معکوس",1,0) -> 0 | AZ80: =IF(ABS(AJ80)>تنظیمات!$B$10,1,0) -> 0 | BA80: =IF(AND(OR(AD80="رایگان/VIP",AD80="جانباز"),AF80="خیر"),1,0) -> 0 | BB80: =IF(AE80="",0,IF(COUNTIF($AE$2:$AE$1001,AE80)>1,1,0)) -> 0 | BC80: =IF(AND(H80="",I80>تنظیمات!$B$12*60,AM80="خالی"),1,0) -> 0 | BD80: =IF(AND(AP80="بله",I80<تنظیمات!$B$14,AO80="خیر"),1,0) -> 0 | BE80: =IF(AN80="خیر",1,0) -> 0 | BF80: =IF(AND(AD80="فیش مفقودی",AQ80="بله",I80>تنظیمات!$B$12*60),1,0) -> 0 | BG80: =IF(AND(AK80>تنظیمات!$B$11,AL80="بله"),1,0) -> 0 | BH80: =MIN(100,AR80*تنظیمات!$B$21+AS80*تنظیمات!$B$22+AT80*تنظیمات!$B$23+AU80*تنظیمات!$B$24+AV80*تنظیمات!$B$25+AW80*تنظیمات!$B$26+AX80*تنظیمات!$B$27+AY80*تنظیمات!$B$28+AZ80*تنظیمات!$B$29+BA80*تنظیمات!$B$30+BB80*تنظیمات!$B$31+BC80*تنظیمات!$B$32+BD80*تنظیمات!$B$33+BE80*تنظیمات!$B$34+BF80*تنظیمات!$B$35+BG80*تنظیمات!$B$36) -> 0 | BI80: =IF(BH80>=60,"بحرانی",IF(BH80>=30,"مشکوک",IF(BH80>0,"هشدار","عادی"))) -> عادی | BJ80: عادی
A81: EV-00080 | B81: 75ق967-19 | D81: MVM X22 | E81: قرمز | F81: اقتصادی | G81: 46282.001 | H81: 46282.597 | I81: =IF(H81="",ROUND((تنظیمات!$B$7-G81)*1440,0),ROUND((H81-G81)*1440,0)) -> 859 | J81: E2 | K81: X2 | L81: 0.911 | M81: 0.967 | N81: خیر | O81: OP-01 | P81: عصر | Q81: 46282 | R81: TK-260917-00080 | S81: تسویه‌شده | U81: 1 | V81: 1 | W81: 5.4 | X81: خیر | Y81: عادی | Z81: پوز | AA81: T-1002 | AB81: 919556870514 | AC81: 46282.597 | AD81: عادی | AF81: =IF(COUNTIF(لیست_سفید!$A$2:$A$21,B81)>0,"بله","خیر") -> خیر | AG81: =IF(H81="","",IF(AD81="فیش مفقودی",تنظیمات!$B$6,(INT(I81/1440)*تنظیمات!$B$5+IF(MOD(I81,1440)<=تنظیمات!$B$2,0,MIN(تنظیمات!$B$5,تنظیمات!$B$3+MAX(0,ROUNDUP((MOD(I81,1440)-60)/60,0))*تنظیمات!$B$4)))*INDEX(تعرفه!$B$2:$B$7,MATCH(AD81,تعرفه!$A$2:$A$7,0)))) -> 180000 | AH81: 180000 | AI81: =IF(AG81="","",AH81-AG81) -> 0 | AJ81: 1 | AK81: 0 | AL81: خیر | AN81: بله | AO81: بله | AP81: خیر | AR81: =IF(AND(T81<>"",H81<>""),IF(AND((T81-H81)*86400>=0,(T81-H81)*86400<تنظیمات!$B$13),1,0),0) -> 0 | AS81: =IF(Z81="پوز",IF(OR(AB81="",COUNTIF(پوزها!$A$2:$A$5,AA81)=0),1,0),0) -> 0 | AT81: =IF(AI81="",0,IF(AI81>0,1,0)) -> 0 | AU81: =IF(AI81="",0,IF(AI81<0,1,0)) -> 0 | AV81: =IF(U81>V81,1,0) -> 0 | AW81: =IF(OR(W81>تنظیمات!$B$8,X81="بله"),1,0) -> 0 | AX81: =IF(AND(N81="بله",L81>تنظیمات!$B$9),1,0) -> 0 | AY81: =IF(Y81="معکوس",1,0) -> 0 | AZ81: =IF(ABS(AJ81)>تنظیمات!$B$10,1,0) -> 0 | BA81: =IF(AND(OR(AD81="رایگان/VIP",AD81="جانباز"),AF81="خیر"),1,0) -> 0 | BB81: =IF(AE81="",0,IF(COUNTIF($AE$2:$AE$1001,AE81)>1,1,0)) -> 0 | BC81: =IF(AND(H81="",I81>تنظیمات!$B$12*60,AM81="خالی"),1,0) -> 0 | BD81: =IF(AND(AP81="بله",I81<تنظیمات!$B$14,AO81="خیر"),1,0) -> 0 | BE81: =IF(AN81="خیر",1,0) -> 0 | BF81: =IF(AND(AD81="فیش مفقودی",AQ81="بله",I81>تنظیمات!$B$12*60),1,0) -> 0 | BG81: =IF(AND(AK81>تنظیمات!$B$11,AL81="بله"),1,0) -> 0 | BH81: =MIN(100,AR81*تنظیمات!$B$21+AS81*تنظیمات!$B$22+AT81*تنظیمات!$B$23+AU81*تنظیمات!$B$24+AV81*تنظیمات!$B$25+AW81*تنظیمات!$B$26+AX81*تنظیمات!$B$27+AY81*تنظیمات!$B$28+AZ81*تنظیمات!$B$29+BA81*تنظیمات!$B$30+BB81*تنظیمات!$B$31+BC81*تنظیمات!$B$32+BD81*تنظیمات!$B$33+BE81*تنظیمات!$B$34+BF81*تنظیمات!$B$35+BG81*تنظیمات!$B$36) -> 0 | BI81: =IF(BH81>=60,"بحرانی",IF(BH81>=30,"مشکوک",IF(BH81>0,"هشدار","عادی"))) -> عادی | BJ81: عادی
A82: EV-00081 | B82: 27ت655-62 | D82: کیا سراتو | E82: سفید | F82: اقتصادی | G82: 46282.023 | H82: 46282.029 | I82: =IF(H82="",ROUND((تنظیمات!$B$7-G82)*1440,0),ROUND((H82-G82)*1440,0)) -> 9 | J82: E1 | K82: X1 | L82: 0.938 | M82: 0.926 | N82: خیر | O82: OP-05 | P82: شب | Q82: 46281 | R82: TK-260917-00081 | S82: تسویه‌شده | U82: 1 | V82: 1 | W82: 4 | X82: خیر | Y82: عادی | Z82: فرجه رایگان | AD82: عادی | AF82: =IF(COUNTIF(لیست_سفید!$A$2:$A$21,B82)>0,"بله","خیر") -> خیر | AG82: =IF(H82="","",IF(AD82="فیش مفقودی",تنظیمات!$B$6,(INT(I82/1440)*تنظیمات!$B$5+IF(MOD(I82,1440)<=تنظیمات!$B$2,0,MIN(تنظیمات!$B$5,تنظیمات!$B$3+MAX(0,ROUNDUP((MOD(I82,1440)-60)/60,0))*تنظیمات!$B$4)))*INDEX(تعرفه!$B$2:$B$7,MATCH(AD82,تعرفه!$A$2:$A$7,0)))) -> 0 | AH82: 0 | AI82: =IF(AG82="","",AH82-AG82) -> 0 | AJ82: -4 | AK82: 0 | AL82: خیر | AN82: بله | AO82: بله | AP82: خیر | AR82: =IF(AND(T82<>"",H82<>""),IF(AND((T82-H82)*86400>=0,(T82-H82)*86400<تنظیمات!$B$13),1,0),0) -> 0 | AS82: =IF(Z82="پوز",IF(OR(AB82="",COUNTIF(پوزها!$A$2:$A$5,AA82)=0),1,0),0) -> 0 | AT82: =IF(AI82="",0,IF(AI82>0,1,0)) -> 0 | AU82: =IF(AI82="",0,IF(AI82<0,1,0)) -> 0 | AV82: =IF(U82>V82,1,0) -> 0 | AW82: =IF(OR(W82>تنظیمات!$B$8,X82="بله"),1,0) -> 0 | AX82: =IF(AND(N82="بله",L82>تنظیمات!$B$9),1,0) -> 0 | AY82: =IF(Y82="معکوس",1,0) -> 0 | AZ82: =IF(ABS(AJ82)>تنظیمات!$B$10,1,0) -> 0 | BA82: =IF(AND(OR(AD82="رایگان/VIP",AD82="جانباز"),AF82="خیر"),1,0) -> 0 | BB82: =IF(AE82="",0,IF(COUNTIF($AE$2:$AE$1001,AE82)>1,1,0)) -> 0 | BC82: =IF(AND(H82="",I82>تنظیمات!$B$12*60,AM82="خالی"),1,0) -> 0 | BD82: =IF(AND(AP82="بله",I82<تنظیمات!$B$14,AO82="خیر"),1,0) -> 0 | BE82: =IF(AN82="خیر",1,0) -> 0 | BF82: =IF(AND(AD82="فیش مفقودی",AQ82="بله",I82>تنظیمات!$B$12*60),1,0) -> 0 | BG82: =IF(AND(AK82>تنظیمات!$B$11,AL82="بله"),1,0) -> 0 | BH82: =MIN(100,AR82*تنظیمات!$B$21+AS82*تنظیمات!$B$22+AT82*تنظیمات!$B$23+AU82*تنظیمات!$B$24+AV82*تنظیمات!$B$25+AW82*تنظیمات!$B$26+AX82*تنظیمات!$B$27+AY82*تنظیمات!$B$28+AZ82*تنظیمات!$B$29+BA82*تنظیمات!$B$30+BB82*تنظیمات!$B$31+BC82*تنظیمات!$B$32+BD82*تنظیمات!$B$33+BE82*تنظیمات!$B$34+BF82*تنظیمات!$B$35+BG82*تنظیمات!$B$36) -> 0 | BI82: =IF(BH82>=60,"بحرانی",IF(BH82>=30,"مشکوک",IF(BH82>0,"هشدار","عادی"))) -> عادی | BJ82: عادی
A83: EV-00082 | B83: 51س539-88 | D83: کیا سراتو | E83: مشکی | F83: اقتصادی | G83: 46282.055 | H83: 46282.448 | I83: =IF(H83="",ROUND((تنظیمات!$B$7-G83)*1440,0),ROUND((H83-G83)*1440,0)) -> 565 | J83: E1 | K83: X1 | L83: 0.914 | M83: 0.945 | N83: خیر | O83: OP-06 | P83: صبح | Q83: 46282 | R83: TK-260917-00082 | S83: تسویه‌شده | U83: 1 | V83: 1 | W83: 4.6 | X83: خیر | Y83: عادی | Z83: نقد | AD83: عادی | AF83: =IF(COUNTIF(لیست_سفید!$A$2:$A$21,B83)>0,"بله","خیر") -> خیر | AG83: =IF(H83="","",IF(AD83="فیش مفقودی",تنظیمات!$B$6,(INT(I83/1440)*تنظیمات!$B$5+IF(MOD(I83,1440)<=تنظیمات!$B$2,0,MIN(تنظیمات!$B$5,تنظیمات!$B$3+MAX(0,ROUNDUP((MOD(I83,1440)-60)/60,0))*تنظیمات!$B$4)))*INDEX(تعرفه!$B$2:$B$7,MATCH(AD83,تعرفه!$A$2:$A$7,0)))) -> 146000 | AH83: 146000 | AI83: =IF(AG83="","",AH83-AG83) -> 0 | AJ83: 2 | AK83: 0 | AL83: خیر | AN83: بله | AO83: بله | AP83: خیر | AR83: =IF(AND(T83<>"",H83<>""),IF(AND((T83-H83)*86400>=0,(T83-H83)*86400<تنظیمات!$B$13),1,0),0) -> 0 | AS83: =IF(Z83="پوز",IF(OR(AB83="",COUNTIF(پوزها!$A$2:$A$5,AA83)=0),1,0),0) -> 0 | AT83: =IF(AI83="",0,IF(AI83>0,1,0)) -> 0 | AU83: =IF(AI83="",0,IF(AI83<0,1,0)) -> 0 | AV83: =IF(U83>V83,1,0) -> 0 | AW83: =IF(OR(W83>تنظیمات!$B$8,X83="بله"),1,0) -> 0 | AX83: =IF(AND(N83="بله",L83>تنظیمات!$B$9),1,0) -> 0 | AY83: =IF(Y83="معکوس",1,0) -> 0 | AZ83: =IF(ABS(AJ83)>تنظیمات!$B$10,1,0) -> 0 | BA83: =IF(AND(OR(AD83="رایگان/VIP",AD83="جانباز"),AF83="خیر"),1,0) -> 0 | BB83: =IF(AE83="",0,IF(COUNTIF($AE$2:$AE$1001,AE83)>1,1,0)) -> 0 | BC83: =IF(AND(H83="",I83>تنظیمات!$B$12*60,AM83="خالی"),1,0) -> 0 | BD83: =IF(AND(AP83="بله",I83<تنظیمات!$B$14,AO83="خیر"),1,0) -> 0 | BE83: =IF(AN83="خیر",1,0) -> 0 | BF83: =IF(AND(AD83="فیش مفقودی",AQ83="بله",I83>تنظیمات!$B$12*60),1,0) -> 0 | BG83: =IF(AND(AK83>تنظیمات!$B$11,AL83="بله"),1,0) -> 0 | BH83: =MIN(100,AR83*تنظیمات!$B$21+AS83*تنظیمات!$B$22+AT83*تنظیمات!$B$23+AU83*تنظیمات!$B$24+AV83*تنظیمات!$B$25+AW83*تنظیمات!$B$26+AX83*تنظیمات!$B$27+AY83*تنظیمات!$B$28+AZ83*تنظیمات!$B$29+BA83*تنظیمات!$B$30+BB83*تنظیمات!$B$31+BC83*تنظیمات!$B$32+BD83*تنظیمات!$B$33+BE83*تنظیمات!$B$34+BF83*تنظیمات!$B$35+BG83*تنظیمات!$B$36) -> 0 | BI83: =IF(BH83>=60,"بحرانی",IF(BH83>=30,"مشکوک",IF(BH83>0,"هشدار","عادی"))) -> عادی | BJ83: عادی
A84: EV-00083 | B84: 39ا361-21 | D84: پراید 131 | E84: خاکستری | F84: اقتصادی | G84: 46282.062 | H84: 46282.087 | I84: =IF(H84="",ROUND((تنظیمات!$B$7-G84)*1440,0),ROUND((H84-G84)*1440,0)) -> 35 | J84: E1 | K84: X1 | L84: 0.995 | M84: 0.919 | N84: خیر | O84: OP-05 | P84: شب | Q84: 46281 | R84: TK-260917-00083 | S84: تسویه‌شده | U84: 1 | V84: 1 | W84: 5.3 | X84: خیر | Y84: عادی | Z84: نقد | AD84: عادی | AF84: =IF(COUNTIF(لیست_سفید!$A$2:$A$21,B84)>0,"بله","خیر") -> خیر | AG84: =IF(H84="","",IF(AD84="فیش مفقودی",تنظیمات!$B$6,(INT(I84/1440)*تنظیمات!$B$5+IF(MOD(I84,1440)<=تنظیمات!$B$2,0,MIN(تنظیمات!$B$5,تنظیمات!$B$3+MAX(0,ROUNDUP((MOD(I84,1440)-60)/60,0))*تنظیمات!$B$4)))*INDEX(تعرفه!$B$2:$B$7,MATCH(AD84,تعرفه!$A$2:$A$7,0)))) -> 20000 | AH84: 20000 | AI84: =IF(AG84="","",AH84-AG84) -> 0 | AJ84: 0 | AK84: 0 | AL84: خیر | AN84: بله | AO84: بله | AP84: خیر | AR84: =IF(AND(T84<>"",H84<>""),IF(AND((T84-H84)*86400>=0,(T84-H84)*86400<تنظیمات!$B$13),1,0),0) -> 0 | AS84: =IF(Z84="پوز",IF(OR(AB84="",COUNTIF(پوزها!$A$2:$A$5,AA84)=0),1,0),0) -> 0 | AT84: =IF(AI84="",0,IF(AI84>0,1,0)) -> 0 | AU84: =IF(AI84="",0,IF(AI84<0,1,0)) -> 0 | AV84: =IF(U84>V84,1,0) -> 0 | AW84: =IF(OR(W84>تنظیمات!$B$8,X84="بله"),1,0) -> 0 | AX84: =IF(AND(N84="بله",L84>تنظیمات!$B$9),1,0) -> 0 | AY84: =IF(Y84="معکوس",1,0) -> 0 | AZ84: =IF(ABS(AJ84)>تنظیمات!$B$10,1,0) -> 0 | BA84: =IF(AND(OR(AD84="رایگان/VIP",AD84="جانباز"),AF84="خیر"),1,0) -> 0 | BB84: =IF(AE84="",0,IF(COUNTIF($AE$2:$AE$1001,AE84)>1,1,0)) -> 0 | BC84: =IF(AND(H84="",I84>تنظیمات!$B$12*60,AM84="خالی"),1,0) -> 0 | BD84: =IF(AND(AP84="بله",I84<تنظیمات!$B$14,AO84="خیر"),1,0) -> 0 | BE84: =IF(AN84="خیر",1,0) -> 0 | BF84: =IF(AND(AD84="فیش مفقودی",AQ84="بله",I84>تنظیمات!$B$12*60),1,0) -> 0 | BG84: =IF(AND(AK84>تنظیمات!$B$11,AL84="بله"),1,0) -> 0 | BH84: =MIN(100,AR84*تنظیمات!$B$21+AS84*تنظیمات!$B$22+AT84*تنظیمات!$B$23+AU84*تنظیمات!$B$24+AV84*تنظیمات!$B$25+AW84*تنظیمات!$B$26+AX84*تنظیمات!$B$27+AY84*تنظیمات!$B$28+AZ84*تنظیمات!$B$29+BA84*تنظیمات!$B$30+BB84*تنظیمات!$B$31+BC84*تنظیمات!$B$32+BD84*تنظیمات!$B$33+BE84*تنظیمات!$B$34+BF84*تنظیمات!$B$35+BG84*تنظیمات!$B$36) -> 0 | BI84: =IF(BH84>=60,"بحرانی",IF(BH84>=30,"مشکوک",IF(BH84>0,"هشدار","عادی"))) -> عادی | BJ84: عادی
A85: EV-00084 | B85: 73ج727-25 | D85: MVM X22 | E85: قرمز | F85: اقتصادی | G85: 46282.075 | H85: 46282.164 | I85: =IF(H85="",ROUND((تنظیمات!$B$7-G85)*1440,0),ROUND((H85-G85)*1440,0)) -> 128 | J85: E1 | K85: X1 | L85: 0.949 | M85: 0.93 | N85: خیر | O85: OP-05 | P85: شب | Q85: 46281 | R85: TK-260917-00084 | S85: تسویه‌شده | U85: 1 | V85: 1 | W85: 6.3 | X85: خیر | Y85: عادی | Z85: پوز | AA85: T-1001 | AB85: 681826407446 | AC85: 46282.163 | AD85: عادی | AF85: =IF(COUNTIF(لیست_سفید!$A$2:$A$21,B85)>0,"بله","خیر") -> خیر | AG85: =IF(H85="","",IF(AD85="فیش مفقودی",تنظیمات!$B$6,(INT(I85/1440)*تنظیمات!$B$5+IF(MOD(I85,1440)<=تنظیمات!$B$2,0,MIN(تنظیمات!$B$5,تنظیمات!$B$3+MAX(0,ROUNDUP((MOD(I85,1440)-60)/60,0))*تنظیمات!$B$4)))*INDEX(تعرفه!$B$2:$B$7,MATCH(AD85,تعرفه!$A$2:$A$7,0)))) -> 48000 | AH85: 48000 | AI85: =IF(AG85="","",AH85-AG85) -> 0 | AJ85: 2 | AK85: 0 | AL85: خیر | AN85: بله | AO85: بله | AP85: خیر | AR85: =IF(AND(T85<>"",H85<>""),IF(AND((T85-H85)*86400>=0,(T85-H85)*86400<تنظیمات!$B$13),1,0),0) -> 0 | AS85: =IF(Z85="پوز",IF(OR(AB85="",COUNTIF(پوزها!$A$2:$A$5,AA85)=0),1,0),0) -> 0 | AT85: =IF(AI85="",0,IF(AI85>0,1,0)) -> 0 | AU85: =IF(AI85="",0,IF(AI85<0,1,0)) -> 0 | AV85: =IF(U85>V85,1,0) -> 0 | AW85: =IF(OR(W85>تنظیمات!$B$8,X85="بله"),1,0) -> 0 | AX85: =IF(AND(N85="بله",L85>تنظیمات!$B$9),1,0) -> 0 | AY85: =IF(Y85="معکوس",1,0) -> 0 | AZ85: =IF(ABS(AJ85)>تنظیمات!$B$10,1,0) -> 0 | BA85: =IF(AND(OR(AD85="رایگان/VIP",AD85="جانباز"),AF85="خیر"),1,0) -> 0 | BB85: =IF(AE85="",0,IF(COUNTIF($AE$2:$AE$1001,AE85)>1,1,0)) -> 0 | BC85: =IF(AND(H85="",I85>تنظیمات!$B$12*60,AM85="خالی"),1,0) -> 0 | BD85: =IF(AND(AP85="بله",I85<تنظیمات!$B$14,AO85="خیر"),1,0) -> 0 | BE85: =IF(AN85="خیر",1,0) -> 0 | BF85: =IF(AND(AD85="فیش مفقودی",AQ85="بله",I85>تنظیمات!$B$12*60),1,0) -> 0 | BG85: =IF(AND(AK85>تنظیمات!$B$11,AL85="بله"),1,0) -> 0 | BH85: =MIN(100,AR85*تنظیمات!$B$21+AS85*تنظیمات!$B$22+AT85*تنظیمات!$B$23+AU85*تنظیمات!$B$24+AV85*تنظیمات!$B$25+AW85*تنظیمات!$B$26+AX85*تنظیمات!$B$27+AY85*تنظیمات!$B$28+AZ85*تنظیمات!$B$29+BA85*تنظیمات!$B$30+BB85*تنظیمات!$B$31+BC85*تنظیمات!$B$32+BD85*تنظیمات!$B$33+BE85*تنظیمات!$B$34+BF85*تنظیمات!$B$35+BG85*تنظیمات!$B$36) -> 0 | BI85: =IF(BH85>=60,"بحرانی",IF(BH85>=30,"مشکوک",IF(BH85>0,"هشدار","عادی"))) -> عادی | BJ85: عادی
A86: EV-00085 | B86: 45ط450-28 | D86: وانت نیسان | E86: قرمز | F86: اقتصادی | G86: 46282.13 | H86: 46282.297 | I86: =IF(H86="",ROUND((تنظیمات!$B$7-G86)*1440,0),ROUND((H86-G86)*1440,0)) -> 241 | J86: E2 | K86: X2 | L86: 0.969 | M86: 0.985 | N86: خیر | O86: OP-07 | P86: صبح | Q86: 46282 | R86: TK-260917-00085 | S86: تسویه‌شده | U86: 1 | V86: 1 | W86: 6.8 | X86: خیر | Y86: عادی | Z86: اشتراک | AD86: اشتراک ماهانه | AF86: =IF(COUNTIF(لیست_سفید!$A$2:$A$21,B86)>0,"بله","خیر") -> خیر | AG86: =IF(H86="","",IF(AD86="فیش مفقودی",تنظیمات!$B$6,(INT(I86/1440)*تنظیمات!$B$5+IF(MOD(I86,1440)<=تنظیمات!$B$2,0,MIN(تنظیمات!$B$5,تنظیمات!$B$3+MAX(0,ROUNDUP((MOD(I86,1440)-60)/60,0))*تنظیمات!$B$4)))*INDEX(تعرفه!$B$2:$B$7,MATCH(AD86,تعرفه!$A$2:$A$7,0)))) -> 0 | AH86: 0 | AI86: =IF(AG86="","",AH86-AG86) -> 0 | AJ86: 0 | AK86: 0 | AL86: خیر | AN86: بله | AO86: بله | AP86: خیر | AR86: =IF(AND(T86<>"",H86<>""),IF(AND((T86-H86)*86400>=0,(T86-H86)*86400<تنظیمات!$B$13),1,0),0) -> 0 | AS86: =IF(Z86="پوز",IF(OR(AB86="",COUNTIF(پوزها!$A$2:$A$5,AA86)=0),1,0),0) -> 0 | AT86: =IF(AI86="",0,IF(AI86>0,1,0)) -> 0 | AU86: =IF(AI86="",0,IF(AI86<0,1,0)) -> 0 | AV86: =IF(U86>V86,1,0) -> 0 | AW86: =IF(OR(W86>تنظیمات!$B$8,X86="بله"),1,0) -> 0 | AX86: =IF(AND(N86="بله",L86>تنظیمات!$B$9),1,0) -> 0 | AY86: =IF(Y86="معکوس",1,0) -> 0 | AZ86: =IF(ABS(AJ86)>تنظیمات!$B$10,1,0) -> 0 | BA86: =IF(AND(OR(AD86="رایگان/VIP",AD86="جانباز"),AF86="خیر"),1,0) -> 0 | BB86: =IF(AE86="",0,IF(COUNTIF($AE$2:$AE$1001,AE86)>1,1,0)) -> 0 | BC86: =IF(AND(H86="",I86>تنظیمات!$B$12*60,AM86="خالی"),1,0) -> 0 | BD86: =IF(AND(AP86="بله",I86<تنظیمات!$B$14,AO86="خیر"),1,0) -> 0 | BE86: =IF(AN86="خیر",1,0) -> 0 | BF86: =IF(AND(AD86="فیش مفقودی",AQ86="بله",I86>تنظیمات!$B$12*60),1,0) -> 0 | BG86: =IF(AND(AK86>تنظیمات!$B$11,AL86="بله"),1,0) -> 0 | BH86: =MIN(100,AR86*تنظیمات!$B$21+AS86*تنظیمات!$B$22+AT86*تنظیمات!$B$23+AU86*تنظیمات!$B$24+AV86*تنظیمات!$B$25+AW86*تنظیمات!$B$26+AX86*تنظیمات!$B$27+AY86*تنظیمات!$B$28+AZ86*تنظیمات!$B$29+BA86*تنظیمات!$B$30+BB86*تنظیمات!$B$31+BC86*تنظیمات!$B$32+BD86*تنظیمات!$B$33+BE86*تنظیمات!$B$34+BF86*تنظیمات!$B$35+BG86*تنظیمات!$B$36) -> 0 | BI86: =IF(BH86>=60,"بحرانی",IF(BH86>=30,"مشکوک",IF(BH86>0,"هشدار","عادی"))) -> عادی | BJ86: عادی
A87: EV-00086 | B87: 68س481-14 | D87: تیبا 2 | E87: قرمز | F87: اقتصادی | G87: 46282.141 | H87: 46282.318 | I87: =IF(H87="",ROUND((تنظیمات!$B$7-G87)*1440,0),ROUND((H87-G87)*1440,0)) -> 255 | J87: E1 | K87: X1 | L87: 0.917 | M87: 0.947 | N87: خیر | O87: OP-06 | P87: صبح | Q87: 46282 | R87: TK-260917-00086 | S87: تسویه‌شده | U87: 1 | V87: 1 | W87: 4.9 | X87: خیر | Y87: عادی | Z87: نقد | AD87: عادی | AF87: =IF(COUNTIF(لیست_سفید!$A$2:$A$21,B87)>0,"بله","خیر") -> خیر | AG87: =IF(H87="","",IF(AD87="فیش مفقودی",تنظیمات!$B$6,(INT(I87/1440)*تنظیمات!$B$5+IF(MOD(I87,1440)<=تنظیمات!$B$2,0,MIN(تنظیمات!$B$5,تنظیمات!$B$3+MAX(0,ROUNDUP((MOD(I87,1440)-60)/60,0))*تنظیمات!$B$4)))*INDEX(تعرفه!$B$2:$B$7,MATCH(AD87,تعرفه!$A$2:$A$7,0)))) -> 76000 | AH87: 76000 | AI87: =IF(AG87="","",AH87-AG87) -> 0 | AJ87: 0 | AK87: 0 | AL87: خیر | AN87: بله | AO87: بله | AP87: خیر | AR87: =IF(AND(T87<>"",H87<>""),IF(AND((T87-H87)*86400>=0,(T87-H87)*86400<تنظیمات!$B$13),1,0),0) -> 0 | AS87: =IF(Z87="پوز",IF(OR(AB87="",COUNTIF(پوزها!$A$2:$A$5,AA87)=0),1,0),0) -> 0 | AT87: =IF(AI87="",0,IF(AI87>0,1,0)) -> 0 | AU87: =IF(AI87="",0,IF(AI87<0,1,0)) -> 0 | AV87: =IF(U87>V87,1,0) -> 0 | AW87: =IF(OR(W87>تنظیمات!$B$8,X87="بله"),1,0) -> 0 | AX87: =IF(AND(N87="بله",L87>تنظیمات!$B$9),1,0) -> 0 | AY87: =IF(Y87="معکوس",1,0) -> 0 | AZ87: =IF(ABS(AJ87)>تنظیمات!$B$10,1,0) -> 0 | BA87: =IF(AND(OR(AD87="رایگان/VIP",AD87="جانباز"),AF87="خیر"),1,0) -> 0 | BB87: =IF(AE87="",0,IF(COUNTIF($AE$2:$AE$1001,AE87)>1,1,0)) -> 0 | BC87: =IF(AND(H87="",I87>تنظیمات!$B$12*60,AM87="خالی"),1,0) -> 0 | BD87: =IF(AND(AP87="بله",I87<تنظیمات!$B$14,AO87="خیر"),1,0) -> 0 | BE87: =IF(AN87="خیر",1,0) -> 0 | BF87: =IF(AND(AD87="فیش مفقودی",AQ87="بله",I87>تنظیمات!$B$12*60),1,0) -> 0 | BG87: =IF(AND(AK87>تنظیمات!$B$11,AL87="بله"),1,0) -> 0 | BH87: =MIN(100,AR87*تنظیمات!$B$21+AS87*تنظیمات!$B$22+AT87*تنظیمات!$B$23+AU87*تنظیمات!$B$24+AV87*تنظیمات!$B$25+AW87*تنظیمات!$B$26+AX87*تنظیمات!$B$27+AY87*تنظیمات!$B$28+AZ87*تنظیمات!$B$29+BA87*تنظیمات!$B$30+BB87*تنظیمات!$B$31+BC87*تنظیمات!$B$32+BD87*تنظیمات!$B$33+BE87*تنظیمات!$B$34+BF87*تنظیمات!$B$35+BG87*تنظیمات!$B$36) -> 0 | BI87: =IF(BH87>=60,"بحرانی",IF(BH87>=30,"مشکوک",IF(BH87>0,"هشدار","عادی"))) -> عادی | BJ87: عادی
A88: EV-00087 | B88: 47ی820-26 | D88: کوییک R | E88: آبی | F88: اقتصادی | G88: 46282.239 | H88: 46282.388 | I88: =IF(H88="",ROUND((تنظیمات!$B$7-G88)*1440,0),ROUND((H88-G88)*1440,0)) -> 214 | J88: E1 | K88: X2 | L88: 0.944 | M88: 0.904 | N88: خیر | O88: OP-07 | P88: صبح | Q88: 46282 | R88: TK-260917-00087 | S88: تسویه‌شده | U88: 1 | V88: 1 | W88: 5.3 | X88: خیر | Y88: عادی | Z88: پوز | AA88: T-1002 | AB88: 543316996945 | AC88: 46282.387 | AD88: عادی | AF88: =IF(COUNTIF(لیست_سفید!$A$2:$A$21,B88)>0,"بله","خیر") -> خیر | AG88: =IF(H88="","",IF(AD88="فیش مفقودی",تنظیمات!$B$6,(INT(I88/1440)*تنظیمات!$B$5+IF(MOD(I88,1440)<=تنظیمات!$B$2,0,MIN(تنظیمات!$B$5,تنظیمات!$B$3+MAX(0,ROUNDUP((MOD(I88,1440)-60)/60,0))*تنظیمات!$B$4)))*INDEX(تعرفه!$B$2:$B$7,MATCH(AD88,تعرفه!$A$2:$A$7,0)))) -> 62000 | AH88: 62000 | AI88: =IF(AG88="","",AH88-AG88) -> 0 | AJ88: -3 | AK88: 0 | AL88: خیر | AN88: بله | AO88: بله | AP88: خیر | AR88: =IF(AND(T88<>"",H88<>""),IF(AND((T88-H88)*86400>=0,(T88-H88)*86400<تنظیمات!$B$13),1,0),0) -> 0 | AS88: =IF(Z88="پوز",IF(OR(AB88="",COUNTIF(پوزها!$A$2:$A$5,AA88)=0),1,0),0) -> 0 | AT88: =IF(AI88="",0,IF(AI88>0,1,0)) -> 0 | AU88: =IF(AI88="",0,IF(AI88<0,1,0)) -> 0 | AV88: =IF(U88>V88,1,0) -> 0 | AW88: =IF(OR(W88>تنظیمات!$B$8,X88="بله"),1,0) -> 0 | AX88: =IF(AND(N88="بله",L88>تنظیمات!$B$9),1,0) -> 0 | AY88: =IF(Y88="معکوس",1,0) -> 0 | AZ88: =IF(ABS(AJ88)>تنظیمات!$B$10,1,0) -> 0 | BA88: =IF(AND(OR(AD88="رایگان/VIP",AD88="جانباز"),AF88="خیر"),1,0) -> 0 | BB88: =IF(AE88="",0,IF(COUNTIF($AE$2:$AE$1001,AE88)>1,1,0)) -> 0 | BC88: =IF(AND(H88="",I88>تنظیمات!$B$12*60,AM88="خالی"),1,0) -> 0 | BD88: =IF(AND(AP88="بله",I88<تنظیمات!$B$14,AO88="خیر"),1,0) -> 0 | BE88: =IF(AN88="خیر",1,0) -> 0 | BF88: =IF(AND(AD88="فیش مفقودی",AQ88="بله",I88>تنظیمات!$B$12*60),1,0) -> 0 | BG88: =IF(AND(AK88>تنظیمات!$B$11,AL88="بله"),1,0) -> 0 | BH88: =MIN(100,AR88*تنظیمات!$B$21+AS88*تنظیمات!$B$22+AT88*تنظیمات!$B$23+AU88*تنظیمات!$B$24+AV88*تنظیمات!$B$25+AW88*تنظیمات!$B$26+AX88*تنظیمات!$B$27+AY88*تنظیمات!$B$28+AZ88*تنظیمات!$B$29+BA88*تنظیمات!$B$30+BB88*تنظیمات!$B$31+BC88*تنظیمات!$B$32+BD88*تنظیمات!$B$33+BE88*تنظیمات!$B$34+BF88*تنظیمات!$B$35+BG88*تنظیمات!$B$36) -> 0 | BI88: =IF(BH88>=60,"بحرانی",IF(BH88>=30,"مشکوک",IF(BH88>0,"هشدار","عادی"))) -> عادی | BJ88: عادی
A89: EV-00088 | B89: 69ص242-72 | D89: کوییک R | E89: سفید | F89: اقتصادی | G89: 46282.256 | H89: 46282.35 | I89: =IF(H89="",ROUND((تنظیمات!$B$7-G89)*1440,0),ROUND((H89-G89)*1440,0)) -> 135 | J89: E2 | K89: X1 | L89: 0.974 | M89: 0.977 | N89: خیر | O89: OP-06 | P89: صبح | Q89: 46282 | R89: TK-260917-00088 | S89: تسویه‌شده | U89: 1 | V89: 1 | W89: 5.1 | X89: خیر | Y89: عادی | Z89: نقد | AD89: عادی | AF89: =IF(COUNTIF(لیست_سفید!$A$2:$A$21,B89)>0,"بله","خیر") -> خیر | AG89: =IF(H89="","",IF(AD89="فیش مفقودی",تنظیمات!$B$6,(INT(I89/1440)*تنظیمات!$B$5+IF(MOD(I89,1440)<=تنظیمات!$B$2,0,MIN(تنظیمات!$B$5,تنظیمات!$B$3+MAX(0,ROUNDUP((MOD(I89,1440)-60)/60,0))*تنظیمات!$B$4)))*INDEX(تعرفه!$B$2:$B$7,MATCH(AD89,تعرفه!$A$2:$A$7,0)))) -> 48000 | AH89: 48000 | AI89: =IF(AG89="","",AH89-AG89) -> 0 | AJ89: 3 | AK89: 0 | AL89: خیر | AN89: بله | AO89: بله | AP89: خیر | AR89: =IF(AND(T89<>"",H89<>""),IF(AND((T89-H89)*86400>=0,(T89-H89)*86400<تنظیمات!$B$13),1,0),0) -> 0 | AS89: =IF(Z89="پوز",IF(OR(AB89="",COUNTIF(پوزها!$A$2:$A$5,AA89)=0),1,0),0) -> 0 | AT89: =IF(AI89="",0,IF(AI89>0,1,0)) -> 0 | AU89: =IF(AI89="",0,IF(AI89<0,1,0)) -> 0 | AV89: =IF(U89>V89,1,0) -> 0 | AW89: =IF(OR(W89>تنظیمات!$B$8,X89="بله"),1,0) -> 0 | AX89: =IF(AND(N89="بله",L89>تنظیمات!$B$9),1,0) -> 0 | AY89: =IF(Y89="معکوس",1,0) -> 0 | AZ89: =IF(ABS(AJ89)>تنظیمات!$B$10,1,0) -> 0 | BA89: =IF(AND(OR(AD89="رایگان/VIP",AD89="جانباز"),AF89="خیر"),1,0) -> 0 | BB89: =IF(AE89="",0,IF(COUNTIF($AE$2:$AE$1001,AE89)>1,1,0)) -> 0 | BC89: =IF(AND(H89="",I89>تنظیمات!$B$12*60,AM89="خالی"),1,0) -> 0 | BD89: =IF(AND(AP89="بله",I89<تنظیمات!$B$14,AO89="خیر"),1,0) -> 0 | BE89: =IF(AN89="خیر",1,0) -> 0 | BF89: =IF(AND(AD89="فیش مفقودی",AQ89="بله",I89>تنظیمات!$B$12*60),1,0) -> 0 | BG89: =IF(AND(AK89>تنظیمات!$B$11,AL89="بله"),1,0) -> 0 | BH89: =MIN(100,AR89*تنظیمات!$B$21+AS89*تنظیمات!$B$22+AT89*تنظیمات!$B$23+AU89*تنظیمات!$B$24+AV89*تنظیمات!$B$25+AW89*تنظیمات!$B$26+AX89*تنظیمات!$B$27+AY89*تنظیمات!$B$28+AZ89*تنظیمات!$B$29+BA89*تنظیمات!$B$30+BB89*تنظیمات!$B$31+BC89*تنظیمات!$B$32+BD89*تنظیمات!$B$33+BE89*تنظیمات!$B$34+BF89*تنظیمات!$B$35+BG89*تنظیمات!$B$36) -> 0 | BI89: =IF(BH89>=60,"بحرانی",IF(BH89>=30,"مشکوک",IF(BH89>0,"هشدار","عادی"))) -> عادی | BJ89: عادی
A90: EV-00089 | B90: 67پ542-27 | D90: MVM X22 | E90: سفید | F90: اقتصادی | G90: 46282.27 | H90: 46282.367 | I90: =IF(H90="",ROUND((تنظیمات!$B$7-G90)*1440,0),ROUND((H90-G90)*1440,0)) -> 140 | J90: E2 | K90: X2 | L90: 0.966 | M90: 0.968 | N90: خیر | O90: OP-07 | P90: صبح | Q90: 46282 | R90: TK-260917-00089 | S90: تسویه‌شده | U90: 1 | V90: 1 | W90: 6.3 | X90: خیر | Y90: عادی | Z90: پوز | AA90: T-1002 | AB90: 798242513510 | AC90: 46282.367 | AD90: عادی | AF90: =IF(COUNTIF(لیست_سفید!$A$2:$A$21,B90)>0,"بله","خیر") -> خیر | AG90: =IF(H90="","",IF(AD90="فیش مفقودی",تنظیمات!$B$6,(INT(I90/1440)*تنظیمات!$B$5+IF(MOD(I90,1440)<=تنظیمات!$B$2,0,MIN(تنظیمات!$B$5,تنظیمات!$B$3+MAX(0,ROUNDUP((MOD(I90,1440)-60)/60,0))*تنظیمات!$B$4)))*INDEX(تعرفه!$B$2:$B$7,MATCH(AD90,تعرفه!$A$2:$A$7,0)))) -> 48000 | AH90: 48000 | AI90: =IF(AG90="","",AH90-AG90) -> 0 | AJ90: -2 | AK90: 68 | AL90: خیر | AN90: بله | AO90: بله | AP90: خیر | AR90: =IF(AND(T90<>"",H90<>""),IF(AND((T90-H90)*86400>=0,(T90-H90)*86400<تنظیمات!$B$13),1,0),0) -> 0 | AS90: =IF(Z90="پوز",IF(OR(AB90="",COUNTIF(پوزها!$A$2:$A$5,AA90)=0),1,0),0) -> 0 | AT90: =IF(AI90="",0,IF(AI90>0,1,0)) -> 0 | AU90: =IF(AI90="",0,IF(AI90<0,1,0)) -> 0 | AV90: =IF(U90>V90,1,0) -> 0 | AW90: =IF(OR(W90>تنظیمات!$B$8,X90="بله"),1,0) -> 0 | AX90: =IF(AND(N90="بله",L90>تنظیمات!$B$9),1,0) -> 0 | AY90: =IF(Y90="معکوس",1,0) -> 0 | AZ90: =IF(ABS(AJ90)>تنظیمات!$B$10,1,0) -> 0 | BA90: =IF(AND(OR(AD90="رایگان/VIP",AD90="جانباز"),AF90="خیر"),1,0) -> 0 | BB90: =IF(AE90="",0,IF(COUNTIF($AE$2:$AE$1001,AE90)>1,1,0)) -> 0 | BC90: =IF(AND(H90="",I90>تنظیمات!$B$12*60,AM90="خالی"),1,0) -> 0 | BD90: =IF(AND(AP90="بله",I90<تنظیمات!$B$14,AO90="خیر"),1,0) -> 0 | BE90: =IF(AN90="خیر",1,0) -> 0 | BF90: =IF(AND(AD90="فیش مفقودی",AQ90="بله",I90>تنظیمات!$B$12*60),1,0) -> 0 | BG90: =IF(AND(AK90>تنظیمات!$B$11,AL90="بله"),1,0) -> 0 | BH90: =MIN(100,AR90*تنظیمات!$B$21+AS90*تنظیمات!$B$22+AT90*تنظیمات!$B$23+AU90*تنظیمات!$B$24+AV90*تنظیمات!$B$25+AW90*تنظیمات!$B$26+AX90*تنظیمات!$B$27+AY90*تنظیمات!$B$28+AZ90*تنظیمات!$B$29+BA90*تنظیمات!$B$30+BB90*تنظیمات!$B$31+BC90*تنظیمات!$B$32+BD90*تنظیمات!$B$33+BE90*تنظیمات!$B$34+BF90*تنظیمات!$B$35+BG90*تنظیمات!$B$36) -> 0 | BI90: =IF(BH90>=60,"بحرانی",IF(BH90>=30,"مشکوک",IF(BH90>0,"هشدار","عادی"))) -> عادی | BJ90: عادی
A91: EV-00090 | B91: 61ط880-88 | D91: کوییک R | E91: خاکستری | F91: اقتصادی | G91: 46282.277 | H91: 46282.299 | I91: =IF(H91="",ROUND((تنظیمات!$B$7-G91)*1440,0),ROUND((H91-G91)*1440,0)) -> 32 | J91: E1 | K91: X2 | L91: 0.95 | M91: 0.987 | N91: خیر | O91: OP-07 | P91: صبح | Q91: 46282 | R91: TK-260917-00090 | S91: تسویه‌شده | U91: 1 | V91: 1 | W91: 5.1 | X91: خیر | Y91: عادی | Z91: پوز | AA91: T-1002 | AB91: 127512817337 | AC91: 46282.299 | AD91: عادی | AF91: =IF(COUNTIF(لیست_سفید!$A$2:$A$21,B91)>0,"بله","خیر") -> خیر | AG91: =IF(H91="","",IF(AD91="فیش مفقودی",تنظیمات!$B$6,(INT(I91/1440)*تنظیمات!$B$5+IF(MOD(I91,1440)<=تنظیمات!$B$2,0,MIN(تنظیمات!$B$5,تنظیمات!$B$3+MAX(0,ROUNDUP((MOD(I91,1440)-60)/60,0))*تنظیمات!$B$4)))*INDEX(تعرفه!$B$2:$B$7,MATCH(AD91,تعرفه!$A$2:$A$7,0)))) -> 20000 | AH91: 20000 | AI91: =IF(AG91="","",AH91-AG91) -> 0 | AJ91: 0 | AK91: 0 | AL91: خیر | AN91: بله | AO91: بله | AP91: خیر | AR91: =IF(AND(T91<>"",H91<>""),IF(AND((T91-H91)*86400>=0,(T91-H91)*86400<تنظیمات!$B$13),1,0),0) -> 0 | AS91: =IF(Z91="پوز",IF(OR(AB91="",COUNTIF(پوزها!$A$2:$A$5,AA91)=0),1,0),0) -> 0 | AT91: =IF(AI91="",0,IF(AI91>0,1,0)) -> 0 | AU91: =IF(AI91="",0,IF(AI91<0,1,0)) -> 0 | AV91: =IF(U91>V91,1,0) -> 0 | AW91: =IF(OR(W91>تنظیمات!$B$8,X91="بله"),1,0) -> 0 | AX91: =IF(AND(N91="بله",L91>تنظیمات!$B$9),1,0) -> 0 | AY91: =IF(Y91="معکوس",1,0) -> 0 | AZ91: =IF(ABS(AJ91)>تنظیمات!$B$10,1,0) -> 0 | BA91: =IF(AND(OR(AD91="رایگان/VIP",AD91="جانباز"),AF91="خیر"),1,0) -> 0 | BB91: =IF(AE91="",0,IF(COUNTIF($AE$2:$AE$1001,AE91)>1,1,0)) -> 0 | BC91: =IF(AND(H91="",I91>تنظیمات!$B$12*60,AM91="خالی"),1,0) -> 0 | BD91: =IF(AND(AP91="بله",I91<تنظیمات!$B$14,AO91="خیر"),1,0) -> 0 | BE91: =IF(AN91="خیر",1,0) -> 0 | BF91: =IF(AND(AD91="فیش مفقودی",AQ91="بله",I91>تنظیمات!$B$12*60),1,0) -> 0 | BG91: =IF(AND(AK91>تنظیمات!$B$11,AL91="بله"),1,0) -> 0 | BH91: =MIN(100,AR91*تنظیمات!$B$21+AS91*تنظیمات!$B$22+AT91*تنظیمات!$B$23+AU91*تنظیمات!$B$24+AV91*تنظیمات!$B$25+AW91*تنظیمات!$B$26+AX91*تنظیمات!$B$27+AY91*تنظیمات!$B$28+AZ91*تنظیمات!$B$29+BA91*تنظیمات!$B$30+BB91*تنظیمات!$B$31+BC91*تنظیمات!$B$32+BD91*تنظیمات!$B$33+BE91*تنظیمات!$B$34+BF91*تنظیمات!$B$35+BG91*تنظیمات!$B$36) -> 0 | BI91: =IF(BH91>=60,"بحرانی",IF(BH91>=30,"مشکوک",IF(BH91>0,"هشدار","عادی"))) -> عادی | BJ91: عادی
